CREATE DATABASE  IF NOT EXISTS `vgreens` /*!40100 DEFAULT CHARACTER SET utf8mb4 COLLATE utf8mb4_0900_ai_ci */ /*!80016 DEFAULT ENCRYPTION='N' */;
USE `vgreens`;
-- MySQL dump 10.13  Distrib 8.0.25, for Win64 (x86_64)
--
-- Host: localhost    Database: vgreens
-- ------------------------------------------------------
-- Server version	8.0.25

/*!40101 SET @OLD_CHARACTER_SET_CLIENT=@@CHARACTER_SET_CLIENT */;
/*!40101 SET @OLD_CHARACTER_SET_RESULTS=@@CHARACTER_SET_RESULTS */;
/*!40101 SET @OLD_COLLATION_CONNECTION=@@COLLATION_CONNECTION */;
/*!50503 SET NAMES utf8 */;
/*!40103 SET @OLD_TIME_ZONE=@@TIME_ZONE */;
/*!40103 SET TIME_ZONE='+00:00' */;
/*!40014 SET @OLD_UNIQUE_CHECKS=@@UNIQUE_CHECKS, UNIQUE_CHECKS=0 */;
/*!40014 SET @OLD_FOREIGN_KEY_CHECKS=@@FOREIGN_KEY_CHECKS, FOREIGN_KEY_CHECKS=0 */;
/*!40101 SET @OLD_SQL_MODE=@@SQL_MODE, SQL_MODE='NO_AUTO_VALUE_ON_ZERO' */;
/*!40111 SET @OLD_SQL_NOTES=@@SQL_NOTES, SQL_NOTES=0 */;

--
-- Table structure for table `accounts`
--

DROP TABLE IF EXISTS `accounts`;
/*!40101 SET @saved_cs_client     = @@character_set_client */;
/*!50503 SET character_set_client = utf8mb4 */;
CREATE TABLE `accounts` (
  `username` varchar(255) NOT NULL,
  `address_line` varchar(64) DEFAULT NULL,
  `city` varchar(45) DEFAULT NULL,
  `email` varchar(255) NOT NULL,
  `enable` bit(1) DEFAULT NULL,
  `first_name` varchar(45) NOT NULL,
  `last_name` varchar(45) NOT NULL,
  `password` varchar(255) NOT NULL,
  `password_changed_time` datetime DEFAULT NULL,
  `phone_number` varchar(15) DEFAULT NULL,
  `photo` varchar(255) DEFAULT NULL,
  `postal_code` varchar(10) DEFAULT NULL,
  `register_date` date DEFAULT NULL,
  `reset_password_token` varchar(255) DEFAULT NULL,
  `state` varchar(45) NOT NULL,
  `verification_code` varchar(64) DEFAULT NULL,
  `country_id` int DEFAULT NULL,
  PRIMARY KEY (`username`),
  KEY `FK943irua9hqdyxtlc3v3sm2yox` (`country_id`),
  CONSTRAINT `FK943irua9hqdyxtlc3v3sm2yox` FOREIGN KEY (`country_id`) REFERENCES `countries` (`id`)
) ENGINE=InnoDB DEFAULT CHARSET=utf8mb4 COLLATE=utf8mb4_0900_ai_ci;
/*!40101 SET character_set_client = @saved_cs_client */;

--
-- Dumping data for table `accounts`
--

LOCK TABLES `accounts` WRITE;
/*!40000 ALTER TABLE `accounts` DISABLE KEYS */;
INSERT INTO `accounts` VALUES ('ahopcustomer1','348 trần tống',NULL,'hopapd03955@fpt.edu.vn',_binary '','A','Hop','$2a$10$4iR/myAcw.t35micC9oPGO8bahxi84N1FBPJOU7v1IYII6vVpmdnm',NULL,'0378795129','https://res.cloudinary.com/lancloudshop/image/upload/v1639028505/pb3niujm0g7iwjn5pubm.jpg','500000','2021-12-09',NULL,'Hoàng Sa',NULL,1),('hieucustomer1','348 trần tống',NULL,'hieudthpd04047@fpt.edu.vn',_binary '','Dang','Hieu','$2a$10$KofgFeMd8ggQDDw9EdXxueU7tRChRbxwQwBhoVB3O7Yzth43qPdXC',NULL,'0378795129','https://res.cloudinary.com/lancloudshop/image/upload/v1639032559/u642vw3iphwd9mg9mzes.jpg','500000','2021-12-09',NULL,'Sơn Trà',NULL,1),('hieushipper','87 hồ nghinh',NULL,'hieushipper@gmail.com',_binary '','Hieu','Dang','$2a$10$9xjGdHR/yOv3YK3czPwLVOhlyN0VF4UpG8r3typ1DbdPLQkv.nW2a',NULL,'0378795129','https://res.cloudinary.com/lancloudshop/image/upload/v1639027244/t8rusrqiwc8ay2l9fzv4.jpg',NULL,'2021-12-09',NULL,'Ngũ Hành Sơn',NULL,1),('hopshipper','01 nghi ninh , tp đà nẵng',NULL,'hopshipper@gmail.com',_binary '','A','Hop','$2a$10$bMEfPVSzbTT.dUbKV7LJgOaQse5zkag5ffnEupoMDJF/JRDNqMVC2',NULL,'0378795129','','500000','2021-12-09',NULL,'Thanh Khê',NULL,1),('lancustomer1','01 nghi ninh , tp đà nẵng',NULL,'loicvpd03987@fpt.edu.vn',_binary '','lan','nguyen','$2a$10$k9q9PR7zIE/gPA0lpEVbl.SMhbplHFEKOahvlPqhJMIQLz/mwpgE2',NULL,'0378795129','https://res.cloudinary.com/lancloudshop/image/upload/v1639031730/prq36bc8eilxb48au6lx.jpg','500000','2021-12-09',NULL,'Thanh Khê',NULL,1),('landemo2','089 Nông sản',NULL,'landemo2@gmail.com',_binary '','Lan','Nguyen','$2a$10$4amvLA782pbYS9UZE7wyR.3tK9piOs0JxyzpsBBBqJqcp7Ikn2Iye',NULL,'0378795129','https://res.cloudinary.com/lancloudshop/image/upload/v1639916680/qd6b5qw8dbzdomly01ra.jpg',NULL,'2021-12-19',NULL,'Hoàng Sa',NULL,1),('lannvpd03981@fpt.edu.vn','',NULL,'lannvpd03981@fpt.edu.vn',_binary '','Nguyen',' DN)\n','17dc3845ce6',NULL,'','','','2021-12-16',NULL,'','',1),('lanshipper','08 hà văn tính',NULL,'lanshipper@gmail.com',_binary '','Lan','Nguyen','$2a$10$xYVqaYuheO2PKsyqaRe6vu4SKdGLaBXAJFuRihsZkn8jEkGz69/aG',NULL,'0378795129','https://res.cloudinary.com/lancloudshop/image/upload/v1638971362/rmtpjanugar5qwnw9ixl.png','01378','2021-12-08',NULL,'Hải Châu',NULL,1),('lanvunguyen1101@gmail.com','',NULL,'lanvunguyen1101@gmail.com',_binary '','Lan',' Nguyen\n','17d9e06fcf7',NULL,'','','','2021-12-09',NULL,'','',1),('nguyenvulan1998@gmail.com','',NULL,'nguyenvulan1998@gmail.com',_binary '','Lân',' Nguyễn\n','17dd303a5f9',NULL,'','','','2021-12-19',NULL,'','',1),('tancustomer1','348 trần tống',NULL,'tannmpd04106@fpt.edu.vn',_binary '','Nguyen','Tan','$2a$10$rRCOv0hVCeOlytkeVmp5POLzF7Ysc.7RHxzT97.LcGH67upziNGh2',NULL,'0378795129','','500000','2021-12-09',NULL,'Thanh Khê',NULL,1),('tanshipper','01 nghi ninh , tp đà nẵng',NULL,'tanshipper@gmail.com',_binary '','Nguyen','Tan','$2a$10$4bhfbILp077a4vp7h9bEIOcvWMGDeVIo9YppfBFFgobUguIqOm0X2',NULL,'0378795129','','500000','2021-12-09',NULL,'Thanh Khê',NULL,1),('thanhcustomer1','348 nguyễn văn linh',NULL,'thanhndpd04094@fpt.edu.vn',_binary '','Nguyen','Thanh','$2a$10$FN4tSv90BVm/st2ompM5KOf/xYoQk9ifOa53.jR4E/xztXBsrPLFW',NULL,'0378795129','','500000','2021-12-09',NULL,'Hòa Vang',NULL,1),('thanhshipper','01 nghi ninh , tp đà nẵng',NULL,'thanhshipper@gmail.com',_binary '','Thanh','Nguyen','$2a$10$JcC7f0RfpEqkzu9s0f7GBeNRcg3kCJxTExe8j1ueG7i.1fVmWFwyy',NULL,'0378795129','https://res.cloudinary.com/lancloudshop/image/upload/v1639027370/l4garcwmycmit3sexjiv.jpg','500000','2021-12-09',NULL,'Thanh Khê',NULL,1),('thaoshipper','01 nghi ninh , tp đà nẵng',NULL,'thaondpd04056@fpt.edu.vn',_binary '','Ngo','Thao','$2a$10$cSg9r/5hjSCn4Vk2d2NRf.MXnE65tkRxhlx6fBLG6eiwZf/4XSDAO',NULL,'0378795129','','500000','2021-12-09',NULL,'Thanh Khê',NULL,1),('vgreensadmin','08 hà văn tính',NULL,'vgreens@gmail.com',_binary '','VGreens','Admin','$2a$10$NdtSTofdTq.t8MvwXjdaxugaIuYSJTF5Rfo3GrfvaIFT1/VNfuXem',NULL,'0378795129','https://res.cloudinary.com/lancloudshop/image/upload/v1638966318/kct75vyhg1ahmfypurzq.jpg',NULL,'2021-12-08',NULL,'Hòa Vang',NULL,1);
/*!40000 ALTER TABLE `accounts` ENABLE KEYS */;
UNLOCK TABLES;

--
-- Table structure for table `addresses`
--

DROP TABLE IF EXISTS `addresses`;
/*!40101 SET @saved_cs_client     = @@character_set_client */;
/*!50503 SET character_set_client = utf8mb4 */;
CREATE TABLE `addresses` (
  `id` int NOT NULL AUTO_INCREMENT,
  `address_default` bit(1) DEFAULT NULL,
  `address_line` varchar(64) NOT NULL,
  `city` varchar(45) DEFAULT NULL,
  `first_name` varchar(45) NOT NULL,
  `last_name` varchar(45) NOT NULL,
  `phone_number` varchar(15) NOT NULL,
  `postal_code` varchar(10) NOT NULL,
  `state` varchar(45) NOT NULL,
  `username` varchar(255) DEFAULT NULL,
  `country_id` int DEFAULT NULL,
  PRIMARY KEY (`id`),
  KEY `FKemqwcfdcscn97yvng32k5dc14` (`username`),
  KEY `FKn3sth7s3kur1rafwbbrqqnswt` (`country_id`),
  CONSTRAINT `FKemqwcfdcscn97yvng32k5dc14` FOREIGN KEY (`username`) REFERENCES `accounts` (`username`),
  CONSTRAINT `FKn3sth7s3kur1rafwbbrqqnswt` FOREIGN KEY (`country_id`) REFERENCES `countries` (`id`)
) ENGINE=InnoDB DEFAULT CHARSET=utf8mb4 COLLATE=utf8mb4_0900_ai_ci;
/*!40101 SET character_set_client = @saved_cs_client */;

--
-- Dumping data for table `addresses`
--

LOCK TABLES `addresses` WRITE;
/*!40000 ALTER TABLE `addresses` DISABLE KEYS */;
/*!40000 ALTER TABLE `addresses` ENABLE KEYS */;
UNLOCK TABLES;

--
-- Table structure for table `authorities`
--

DROP TABLE IF EXISTS `authorities`;
/*!40101 SET @saved_cs_client     = @@character_set_client */;
/*!50503 SET character_set_client = utf8mb4 */;
CREATE TABLE `authorities` (
  `id` int NOT NULL AUTO_INCREMENT,
  `username` varchar(255) DEFAULT NULL,
  `roleid` varchar(255) DEFAULT NULL,
  PRIMARY KEY (`id`),
  UNIQUE KEY `UKhtk0tjw6uf67w0vkhy5n3j1oq` (`username`,`roleid`),
  KEY `FKevi9708lm1k06pa4dugc91k7v` (`roleid`),
  CONSTRAINT `FKevi9708lm1k06pa4dugc91k7v` FOREIGN KEY (`roleid`) REFERENCES `roles` (`id`),
  CONSTRAINT `FKlw0sapcjvuxfa1kvyjw7jml88` FOREIGN KEY (`username`) REFERENCES `accounts` (`username`)
) ENGINE=InnoDB AUTO_INCREMENT=28 DEFAULT CHARSET=utf8mb4 COLLATE=utf8mb4_0900_ai_ci;
/*!40101 SET character_set_client = @saved_cs_client */;

--
-- Dumping data for table `authorities`
--

LOCK TABLES `authorities` WRITE;
/*!40000 ALTER TABLE `authorities` DISABLE KEYS */;
INSERT INTO `authorities` VALUES (14,'ahopcustomer1','CUS'),(15,'hieucustomer1','CUS'),(22,'hieucustomer1','DIRE'),(21,'hieucustomer1','SHIP'),(6,'hieushipper','SHIP'),(7,'hopshipper','SHIP'),(11,'lancustomer1','CUS'),(24,'landemo2','CUS'),(20,'lannvpd03981@fpt.edu.vn','CUS'),(5,'lanshipper','SHIP'),(19,'lanvunguyen1101@gmail.com','CUS'),(27,'nguyenvulan1998@gmail.com','CUS'),(12,'tancustomer1','CUS'),(8,'tanshipper','SHIP'),(9,'thanhshipper','SHIP'),(10,'thaoshipper','SHIP'),(3,'vgreensadmin','CUS'),(4,'vgreensadmin','DIRE'),(17,'vgreensadmin','SHIP'),(16,'vgreensadmin','STAF');
/*!40000 ALTER TABLE `authorities` ENABLE KEYS */;
UNLOCK TABLES;

--
-- Table structure for table `categories`
--

DROP TABLE IF EXISTS `categories`;
/*!40101 SET @saved_cs_client     = @@character_set_client */;
/*!50503 SET character_set_client = utf8mb4 */;
CREATE TABLE `categories` (
  `id` int NOT NULL AUTO_INCREMENT,
  `image` varchar(255) NOT NULL,
  `name` varchar(64) NOT NULL,
  PRIMARY KEY (`id`)
) ENGINE=InnoDB AUTO_INCREMENT=8 DEFAULT CHARSET=utf8mb4 COLLATE=utf8mb4_0900_ai_ci;
/*!40101 SET character_set_client = @saved_cs_client */;

--
-- Dumping data for table `categories`
--

LOCK TABLES `categories` WRITE;
/*!40000 ALTER TABLE `categories` DISABLE KEYS */;
INSERT INTO `categories` VALUES (1,'https://res.cloudinary.com/lancloudshop/image/upload/v1638967440/vzgmtxff7wrjeifbzbwy.png','Rau củ'),(2,'https://res.cloudinary.com/lancloudshop/image/upload/v1638967465/hzcrp427mx6sbce7eygq.png','Hải sản'),(3,'https://res.cloudinary.com/lancloudshop/image/upload/v1638967486/z1jstmekq6delbpukwgv.png','Thịt Nướng'),(4,'https://res.cloudinary.com/lancloudshop/image/upload/v1638967510/incz3qhkfewc4bjf5adv.png','Trái Cây'),(5,'https://res.cloudinary.com/lancloudshop/image/upload/v1638967524/mqanoctm0zj8sfeml4xp.png','Đồ Khô'),(6,'https://res.cloudinary.com/lancloudshop/image/upload/v1638967538/iycyzyyybep0k7q4i3z2.png','Đồ Uống');
/*!40000 ALTER TABLE `categories` ENABLE KEYS */;
UNLOCK TABLES;

--
-- Table structure for table `consignments`
--

DROP TABLE IF EXISTS `consignments`;
/*!40101 SET @saved_cs_client     = @@character_set_client */;
/*!50503 SET character_set_client = utf8mb4 */;
CREATE TABLE `consignments` (
  `id` int NOT NULL AUTO_INCREMENT,
  `created_time` datetime NOT NULL,
  `current_quantity` int DEFAULT NULL,
  `expiry_time` datetime NOT NULL,
  `name` varchar(100) NOT NULL,
  `number_of_inputs` int DEFAULT NULL,
  `number_of_returns` int DEFAULT NULL,
  `number_of_sales` int DEFAULT NULL,
  `purchase_price` float DEFAULT NULL,
  `selling_price` float DEFAULT NULL,
  `status` bit(1) DEFAULT NULL,
  `updated_time` datetime DEFAULT NULL,
  `supplier_id` int DEFAULT NULL,
  PRIMARY KEY (`id`),
  KEY `FKca10sd1rdesmtx5w3rqiqgohh` (`supplier_id`),
  CONSTRAINT `FKca10sd1rdesmtx5w3rqiqgohh` FOREIGN KEY (`supplier_id`) REFERENCES `suppliers` (`id`)
) ENGINE=InnoDB AUTO_INCREMENT=72 DEFAULT CHARSET=utf8mb4 COLLATE=utf8mb4_0900_ai_ci;
/*!40101 SET character_set_client = @saved_cs_client */;

--
-- Dumping data for table `consignments`
--

LOCK TABLES `consignments` WRITE;
/*!40000 ALTER TABLE `consignments` DISABLE KEYS */;
INSERT INTO `consignments` VALUES (1,'2021-12-08 19:31:00',108,'2021-12-12 14:29:02','LH01',123,0,16,12000,13000,_binary '','2021-12-08 19:31:00',4),(2,'2021-12-08 19:32:00',34,'2021-12-12 14:29:02','Lô hàng Nho',34,0,3,34000,40000,_binary '','2021-12-08 19:32:00',5),(3,'2021-12-08 19:33:00',45,'2021-12-15 16:33:00','Lô hàng thực phẩm',45,0,1,12000,25000,_binary '','2021-12-08 19:33:00',5),(4,'2021-12-08 19:58:00',13,'2021-12-10 16:24:00','Lô Ổi',13,0,0,15000,16000,_binary '','2021-12-08 19:58:00',4),(5,'2021-12-08 19:58:00',30,'2021-12-11 18:59:00','Lô Bơ',34,0,6,22000,30000,_binary '','2021-12-08 19:59:00',4),(6,'2021-12-08 20:00:00',74,'2021-12-22 20:00:00','Lô Bưởi',74,0,0,35000,40000,_binary '','2021-12-15 20:00:00',5),(7,'2021-12-08 20:00:00',42,'2021-12-22 20:00:00','Lô Nhãn',42,0,0,37000,40000,_binary '','2021-12-15 20:00:00',4),(8,'2021-12-08 20:02:00',145,'2021-12-31 20:02:00','Lô Thanh Long',145,0,0,42000,45000,_binary '','2021-12-08 20:02:00',4),(9,'2021-12-08 21:32:00',123,'2021-12-25 21:32:00','Lô Thơm',123,0,0,14500,16000,_binary '','2021-12-08 21:32:00',7),(10,'2021-12-08 21:33:00',43,'2021-12-15 21:33:00','Lô Mít',43,0,0,17000,19000,_binary '','2021-12-08 21:33:00',8),(11,'2021-12-08 21:34:00',23,'2021-12-25 21:34:00','Lô Kiwi',23,0,0,34000,40000,_binary '','2021-12-08 21:34:00',9),(12,'2021-12-08 21:40:00',50,'2021-12-18 21:40:00','Lô Tôm',50,0,0,57000,78000,_binary '','2021-12-08 21:40:00',10),(13,'2021-12-08 21:40:00',22,'2021-12-25 21:40:00','Lô Than Bò Mỹ',22,0,0,100000,130000,_binary '','2021-12-08 21:40:00',11),(14,'2021-12-08 21:45:00',14,'2021-12-25 21:45:00','Lô Thị Ba Chỉ Bò Mỹ',14,0,0,55000,80000,_binary '','2021-12-08 21:45:00',11),(15,'2021-12-08 21:47:00',46,'2021-12-25 21:47:00','Thịt Bò Nạt Vai',46,0,0,100000,150000,_binary '','2021-12-08 21:47:00',14),(16,'2021-12-08 21:54:00',32,'2021-12-25 21:54:00','Cá Ánh Vũ Tiên',33,0,1,67000,69000,_binary '','2021-12-08 21:54:00',14),(17,'2021-12-08 21:55:00',28,'2021-12-25 21:55:00','Lô Cá Ba Sa',35,0,8,89000,100000,_binary '','2021-12-08 21:55:00',11),(18,'2021-12-08 21:56:00',10,'2021-12-25 21:56:00','Lô cá trác vàng',12,0,3,300000,350000,_binary '','2021-12-08 21:56:00',14),(19,'2021-12-08 21:58:00',46,'2021-12-18 21:58:00','Lô Gẩu Bò',46,0,1,460000,470000,_binary '','2021-12-08 21:58:00',13),(20,'2021-12-08 21:59:00',100,'2021-12-25 21:59:00','Lô khô bò',100,0,0,56000,56000,_binary '','2021-12-08 21:59:00',14),(21,'2021-12-08 21:59:00',90,'2021-12-25 21:59:00','Lô khô gà',90,0,1,56000,60000,_binary '','2021-12-08 21:59:00',11),(22,'2021-12-08 21:59:00',0,'2021-12-25 21:59:00','Lô bánh tráng',300,0,5,56000,60000,_binary '','2021-12-08 21:59:00',11),(23,'2021-12-08 21:59:00',300,'2021-12-25 21:59:00','Lô Bột Bạt Hà',300,0,0,100000,110000,_binary '','2021-12-08 21:59:00',11),(24,'2021-12-08 21:59:00',0,'2021-12-25 21:59:00','Lô Bột Cà rốt',300,0,2,100000,110000,_binary '','2021-12-08 21:59:00',11),(25,'2021-12-08 21:59:00',200,'2021-12-25 21:59:00','Lô bổ cỏ lúa mì',200,0,1,100000,135000,_binary '','2021-12-08 21:59:00',14),(26,'2021-12-08 21:59:00',47,'2021-12-25 21:59:00','Lô bột lá sen',47,0,1,100000,135000,_binary '','2021-12-08 21:59:00',13),(27,'2021-12-08 21:59:00',0,'2021-12-25 21:59:00','Lô bột tía tô',47,0,1,100000,360000,_binary '','2021-12-08 21:59:00',10),(28,'2021-12-08 21:59:00',46,'2021-12-25 21:59:00','Lô bún gác thiên nhiên',47,0,2,50000,70000,_binary '','2021-12-08 21:59:00',10),(29,'2021-12-08 21:59:00',95,'2021-12-25 21:59:00','Lô cơm cá',99,0,5,50000,70000,_binary '','2021-12-08 21:59:00',15),(30,'2021-12-08 21:59:00',132,'2021-12-25 21:59:00','Lô cơm cháy',133,0,2,60000,75000,_binary '','2021-12-08 21:59:00',12),(31,'2021-12-08 21:59:00',0,'2021-12-25 21:59:00','Lô chó đỏ',133,0,0,62000,76000,_binary '','2021-12-08 21:59:00',8),(32,'2021-12-08 21:59:00',162,'2021-12-25 21:59:00','Lô đậu lăng',162,0,1,62000,79000,_binary '','2021-12-08 21:59:00',11),(33,'2021-12-08 21:59:00',162,'2021-12-25 21:59:00','Lô đậu gà',162,0,1,62000,79000,_binary '','2021-12-08 21:59:00',11),(34,'2021-12-08 21:59:00',162,'2021-12-25 21:59:00','Lô hạt kê',162,0,1,62000,80000,_binary '','2021-12-08 21:59:00',11),(35,'2021-12-08 21:59:00',162,'2021-12-25 21:59:00','Lô hạt dẻ',162,0,1,62000,81000,_binary '','2021-12-08 21:59:00',11),(36,'2021-12-08 21:59:00',0,'2021-12-25 21:59:00','Lô hoa đu đủ đực khô',162,0,0,62000,82000,_binary '','2021-12-08 21:59:00',11),(37,'2021-12-08 21:59:00',16,'2021-12-25 21:59:00','Lô lá chanh sấy khô',16,0,1,62000,83000,_binary '','2021-12-08 21:59:00',8),(38,'2021-12-08 22:44:00',45,'2021-12-25 22:44:00','Lô Mướp Hương',45,0,1,3700,5000,_binary '','2021-12-08 22:44:00',13),(39,'2021-12-08 22:44:00',45,'2021-12-25 22:44:00','Lô cải bó xôi',45,0,2,3700,7000,_binary '','2021-12-08 22:44:00',13),(41,'2021-12-08 22:44:00',46,'2021-12-25 22:44:00','Lô cải ngóng',47,0,2,3700,9000,_binary '','2021-12-08 22:44:00',5),(42,'2021-12-08 22:50:00',14,'2021-12-18 22:50:00','Lô đậu trạch',14,0,0,6000,9000,_binary '','2021-12-08 22:50:00',8),(43,'2021-12-08 22:50:00',14,'2021-12-18 22:50:00','Lô rau dền',14,0,0,6000,9000,_binary '','2021-12-08 22:50:00',8),(44,'2021-12-08 22:50:00',14,'2021-12-18 22:50:00','Lô rau hữu cơ PGS',14,0,2,6000,10000,_binary '','2021-12-08 22:50:00',8),(45,'2021-12-08 22:50:00',14,'2021-12-18 22:50:00','Lô su hào',14,0,0,6000,10000,_binary '','2021-12-08 22:50:00',8),(46,'2021-12-08 23:03:00',34,'2021-12-25 23:03:00','Lô bắp cải RA',34,1,1,34000,35000,_binary '','2021-12-08 23:03:00',13),(47,'2021-12-08 23:03:00',34,'2021-12-25 23:03:00','Lô khoai tây RA',34,0,1,34000,35000,_binary '','2021-12-08 23:03:00',13),(48,'2021-12-08 23:03:00',33,'2021-12-25 23:03:00','Lô bí xanh',34,0,3,34000,35000,_binary '','2021-12-08 23:03:00',13),(49,'2021-12-08 23:03:00',34,'2021-12-25 23:03:00','Lô cà rốt',34,0,1,34000,42000,_binary '','2021-12-08 23:03:00',13),(50,'2021-12-08 23:03:00',34,'2021-12-25 23:03:00','Lô củ cải trắng RA',34,0,0,29000,32000,_binary '','2021-12-08 23:03:00',13),(51,'2021-12-08 23:03:00',34,'2021-12-25 23:03:00','Lô rau ngót',34,0,0,29000,49000,_binary '','2021-12-08 23:03:00',13),(52,'2021-12-08 23:03:00',34,'2021-12-25 23:03:00','Lô hàng lá',34,0,0,29000,55000,_binary '','2021-12-08 23:03:00',9),(53,'2021-12-08 23:03:00',34,'2021-12-25 23:03:00','Lô cả xanh',34,0,1,29000,37000,_binary '','2021-12-08 23:03:00',9),(54,'2021-12-08 23:03:00',34,'2021-12-25 23:03:00','Lô xà lách RA',34,0,0,55000,65000,_binary '','2021-12-08 23:03:00',9),(55,'2021-12-08 23:03:00',34,'2021-12-25 23:03:00','Lô rau ngót AT',34,0,0,3300,4900,_binary '','2021-12-08 23:03:00',12),(56,'2021-12-08 23:03:00',34,'2021-12-25 23:03:00','Lô rau thơm',34,0,0,55000,70000,_binary '','2021-12-08 23:03:00',10),(57,'2021-12-08 23:03:00',34,'2021-12-25 23:03:00','Lô rau thì là',34,0,0,70000,120000,_binary '','2021-12-08 23:03:00',16),(58,'2021-12-09 11:21:00',45,'2021-12-19 11:22:00','Lô các hồi fillet nauy',45,0,1,500000,578000,_binary '','2021-12-09 11:22:00',13),(59,'2021-12-09 11:26:00',34,'2021-12-19 11:26:00','Lô tôm sú tôm nõn thẻ',34,0,1,160000,175000,_binary '','2021-12-09 11:26:00',8),(60,'2021-12-09 11:26:00',34,'2021-12-19 11:26:00','Lô sứa hộp tĩnh gia',34,0,0,30000,40000,_binary '','2021-12-09 11:26:00',8),(61,'2021-12-09 11:43:00',32,'2021-12-26 11:43:00','Lô bắp bò úc tươi',35,0,4,330000,349000,_binary '','2021-12-09 11:43:00',11),(62,'2021-12-09 11:43:00',35,'2021-12-26 11:43:00','Lô mỡ lợn',35,0,0,100000,105000,_binary '','2021-12-09 11:43:00',14),(63,'2021-12-09 11:43:00',35,'2021-12-26 11:43:00','Lô chân giò lợn',35,0,1,50000,55000,_binary '','2021-12-09 11:43:00',14),(64,'2021-12-09 11:43:00',35,'2021-12-26 11:43:00','Lô thịt lợn thăn chuột',35,0,0,150000,155000,_binary '','2021-12-09 11:43:00',14),(65,'2021-12-09 11:43:00',35,'2021-12-26 11:43:00','Lô thịt lợn nạc vai đầu giòn',35,0,1,40000,46000,_binary '','2021-12-09 11:43:00',10),(66,'2021-12-09 11:43:00',35,'2021-12-26 11:43:00','Lô thăn nội bò úc tươi',35,0,0,270000,280000,_binary '','2021-12-09 11:43:00',10),(67,'2021-12-09 11:43:00',35,'2021-12-26 11:43:00','Lô thăn nội bò úc đông lạnh',35,0,1,370000,390000,_binary '','2021-12-09 11:43:00',10),(68,'2021-12-09 11:43:00',35,'2021-12-26 11:43:00','Lô sườn non bò mỹ không xương',35,0,0,270000,290000,_binary '','2021-12-09 11:43:00',14),(69,'2021-12-09 11:43:00',35,'2021-12-26 11:43:00','Lô thịt bồ câu',35,0,0,100000,105000,_binary '','2021-12-09 11:43:00',13),(70,'2021-12-09 11:43:00',35,'2021-12-26 11:43:00','Lô gà ri sạch',35,0,1,100000,150000,_binary '','2021-12-09 11:43:00',8),(71,'2021-12-09 11:43:00',0,'2021-12-26 11:43:00','Lô xương đuôi lợn',35,0,0,30000,35000,_binary '','2021-12-09 11:43:00',16);
/*!40000 ALTER TABLE `consignments` ENABLE KEYS */;
UNLOCK TABLES;

--
-- Table structure for table `countries`
--

DROP TABLE IF EXISTS `countries`;
/*!40101 SET @saved_cs_client     = @@character_set_client */;
/*!50503 SET character_set_client = utf8mb4 */;
CREATE TABLE `countries` (
  `id` int NOT NULL AUTO_INCREMENT,
  `code` varchar(5) NOT NULL,
  `name` varchar(45) NOT NULL,
  PRIMARY KEY (`id`)
) ENGINE=InnoDB AUTO_INCREMENT=5 DEFAULT CHARSET=utf8mb4 COLLATE=utf8mb4_0900_ai_ci;
/*!40101 SET character_set_client = @saved_cs_client */;

--
-- Dumping data for table `countries`
--

LOCK TABLES `countries` WRITE;
/*!40000 ALTER TABLE `countries` DISABLE KEYS */;
INSERT INTO `countries` VALUES (1,'DN','Đà Nẵng'),(2,'QNam','Quảng Nam');
/*!40000 ALTER TABLE `countries` ENABLE KEYS */;
UNLOCK TABLES;

--
-- Table structure for table `coupons`
--

DROP TABLE IF EXISTS `coupons`;
/*!40101 SET @saved_cs_client     = @@character_set_client */;
/*!50503 SET character_set_client = utf8mb4 */;
CREATE TABLE `coupons` (
  `coupon_id` int NOT NULL AUTO_INCREMENT,
  `coupon_percent` int NOT NULL,
  `created_time` datetime DEFAULT NULL,
  `name` varchar(255) NOT NULL,
  `note` varchar(500) DEFAULT NULL,
  `updated_time` datetime DEFAULT NULL,
  PRIMARY KEY (`coupon_id`)
) ENGINE=InnoDB AUTO_INCREMENT=10 DEFAULT CHARSET=utf8mb4 COLLATE=utf8mb4_0900_ai_ci;
/*!40101 SET character_set_client = @saved_cs_client */;

--
-- Dumping data for table `coupons`
--

LOCK TABLES `coupons` WRITE;
/*!40000 ALTER TABLE `coupons` DISABLE KEYS */;
INSERT INTO `coupons` VALUES (1,10,'2021-12-08 20:04:00','10BANMOI2021','mừng giảm giá bạn mới',NULL),(3,20,'2021-12-08 20:12:31','20THANHVIENVIP','giảm giá thành viên mới',NULL),(4,30,'2021-12-14 17:02:36','1212SIEUSALE','Mã giảm giá tự động 12-12','2021-12-14 17:02:36'),(9,30,'2021-12-17 11:15:00','1212SIEUSALE','Mã giảm giá tự động 12-12','2021-12-17 11:15:00');
/*!40000 ALTER TABLE `coupons` ENABLE KEYS */;
UNLOCK TABLES;

--
-- Table structure for table `discounts`
--

DROP TABLE IF EXISTS `discounts`;
/*!40101 SET @saved_cs_client     = @@character_set_client */;
/*!50503 SET character_set_client = utf8mb4 */;
CREATE TABLE `discounts` (
  `id` int NOT NULL AUTO_INCREMENT,
  `discount_description` varchar(1000) DEFAULT NULL,
  `discount_image` varchar(255) DEFAULT NULL,
  `end_date` datetime DEFAULT NULL,
  `name_discount` varchar(255) NOT NULL,
  `percent_discount` int NOT NULL,
  `start_date` datetime DEFAULT NULL,
  `status` bit(1) DEFAULT NULL,
  `updated_time` datetime DEFAULT NULL,
  PRIMARY KEY (`id`)
) ENGINE=InnoDB AUTO_INCREMENT=4 DEFAULT CHARSET=utf8mb4 COLLATE=utf8mb4_0900_ai_ci;
/*!40101 SET character_set_client = @saved_cs_client */;

--
-- Dumping data for table `discounts`
--

LOCK TABLES `discounts` WRITE;
/*!40000 ALTER TABLE `discounts` DISABLE KEYS */;
INSERT INTO `discounts` VALUES (1,'giảm giá mùa noel',NULL,'2021-12-25 19:49:00','Noel',5,'2021-12-08 19:49:00',_binary '',NULL),(2,'sale sập sàn',NULL,'2021-12-13 19:50:00','Sale 12/12',0,'2021-12-12 19:50:00',_binary '',NULL),(3,'Giảm giá khi gần hết hạn',NULL,'2021-12-13 19:50:00','Sale 30%',0,'2021-12-12 19:50:00',_binary '',NULL);
/*!40000 ALTER TABLE `discounts` ENABLE KEYS */;
UNLOCK TABLES;

--
-- Table structure for table `order_tracks`
--

DROP TABLE IF EXISTS `order_tracks`;
/*!40101 SET @saved_cs_client     = @@character_set_client */;
/*!50503 SET character_set_client = utf8mb4 */;
CREATE TABLE `order_tracks` (
  `id` int NOT NULL AUTO_INCREMENT,
  `created_time` datetime NOT NULL,
  `description` varchar(256) NOT NULL,
  `title` varchar(256) NOT NULL,
  `updated_time` datetime DEFAULT NULL,
  `order_id` int DEFAULT NULL,
  PRIMARY KEY (`id`),
  KEY `FK1fdor1bwwupi7hiw4howp4ifo` (`order_id`),
  CONSTRAINT `FK1fdor1bwwupi7hiw4howp4ifo` FOREIGN KEY (`order_id`) REFERENCES `orders` (`id`)
) ENGINE=InnoDB AUTO_INCREMENT=33 DEFAULT CHARSET=utf8mb4 COLLATE=utf8mb4_0900_ai_ci;
/*!40101 SET character_set_client = @saved_cs_client */;

--
-- Dumping data for table `order_tracks`
--

LOCK TABLES `order_tracks` WRITE;
/*!40000 ALTER TABLE `order_tracks` DISABLE KEYS */;
INSERT INTO `order_tracks` VALUES (1,'2021-12-08 20:43:37','Đang thực hiện','Shipper vgreensadmin đang đến cửa hàng để lấy hàng','2021-12-08 20:43:37',1),(2,'2021-12-08 20:43:44','Đang thực hiện','Shipper vgreensadmin đang đến cửa hàng để lấy hàng','2021-12-08 20:43:44',2),(3,'2021-12-08 20:43:49','Đang thực hiện','Shipper vgreensadmin đang đến cửa hàng để lấy hàng','2021-12-08 20:43:49',3),(4,'2021-12-08 20:44:38','Đang thực hiện','Shipper vgreensadmin đang giao hàng đến người mua','2021-12-08 20:44:38',1),(5,'2021-12-08 20:44:42','Đã giao hàng','Shipper vgreensadmin đã giao hàng thành công','2021-12-08 20:44:42',1),(6,'2021-12-08 20:45:16','Đang thực hiện','Shipper vgreensadmin đang giao hàng đến người mua','2021-12-08 20:45:16',2),(7,'2021-12-08 20:45:21','Đang thực hiện','Shipper vgreensadmin đang giao hàng đến người mua','2021-12-08 20:45:21',3),(8,'2021-12-08 20:45:31','Đã giao hàng','Shipper vgreensadmin đã giao hàng thành công','2021-12-08 20:45:31',2),(9,'2021-12-08 20:45:35','Đã giao hàng','Shipper vgreensadmin đã giao hàng thành công','2021-12-08 20:45:35',3),(10,'2021-12-08 20:45:41','Đã nhận lại hàng','Người mua không nhận hàng, trả hàng Shipper vgreensadmin nhận hàng','2021-12-08 20:45:41',1),(11,'2021-12-08 20:52:40','Đã nhận lại hàng','Người mua không nhận hàng, trả hàng Shipper lanshipper nhận hàng','2021-12-08 20:52:40',2),(12,'2021-12-09 13:45:13','Đang thực hiện','Shipper lanshipper đang đến cửa hàng để lấy hàng','2021-12-09 13:45:13',4),(13,'2021-12-09 13:45:16','Đang thực hiện','Shipper lanshipper đang giao hàng đến người mua','2021-12-09 13:45:16',4),(14,'2021-12-09 13:45:19','Đã giao hàng','Shipper lanshipper đã giao hàng thành công','2021-12-09 13:45:19',4),(15,'2021-12-09 13:45:23','Đang thực hiện','Shipper lanshipper đang đến cửa hàng để lấy hàng','2021-12-09 13:45:23',5),(16,'2021-12-09 13:45:26','Đang thực hiện','Shipper lanshipper đang giao hàng đến người mua','2021-12-09 13:45:26',5),(17,'2021-12-09 13:45:55','Đang thực hiện','Shipper hieushipper đang đến cửa hàng để lấy hàng','2021-12-09 13:45:55',6),(18,'2021-12-09 13:45:58','Đang thực hiện','Shipper hieushipper đang giao hàng đến người mua','2021-12-09 13:45:58',6),(19,'2021-12-09 13:46:01','Đã giao hàng','Shipper hieushipper đã giao hàng thành công','2021-12-09 13:46:01',6),(20,'2021-12-09 13:46:04','Đã nhận lại hàng','Người mua không nhận hàng, trả hàng Shipper hieushipper nhận hàng','2021-12-09 13:46:04',6),(21,'2021-12-09 13:46:08','Đang thực hiện','Shipper hieushipper đang đến cửa hàng để lấy hàng','2021-12-09 13:46:08',8),(22,'2021-12-09 13:46:11','Đang thực hiện','Shipper hieushipper đang giao hàng đến người mua','2021-12-09 13:46:11',8),(23,'2021-12-09 13:46:14','Đã giao hàng','Shipper hieushipper đã giao hàng thành công','2021-12-09 13:46:14',8),(24,'2021-12-09 13:46:44','Đang thực hiện','Shipper tanshipper đang đến cửa hàng để lấy hàng','2021-12-09 13:46:44',9),(25,'2021-12-14 22:06:44','Đang thực hiện','Shipper vgreensadmin đang giao hàng đến người mua','2021-12-14 22:06:44',9),(26,'2021-12-14 22:07:04','Đã giao hàng','Shipper vgreensadmin đã giao hàng thành công','2021-12-14 22:07:04',9),(27,'2021-12-14 22:11:09','Đang thực hiện','Shipper vgreensadmin đang giao hàng đến người mua','2021-12-14 22:11:09',35),(28,'2021-12-14 22:12:19','Đã giao hàng','Shipper vgreensadmin đã giao hàng thành công','2021-12-14 22:12:19',35),(29,'2021-12-19 20:17:17','Đang thực hiện','Shipper vgreensadmin đang giao hàng đến người mua','2021-12-19 20:17:17',36),(30,'2021-12-19 20:17:30','Đã giao hàng','Shipper vgreensadmin đã giao hàng thành công','2021-12-19 20:17:30',36),(31,'2021-12-19 21:03:02','Đang thực hiện','Shipper vgreensadmin đang giao hàng đến người mua','2021-12-19 21:03:02',37),(32,'2021-12-19 21:03:47','Đã giao hàng','Shipper vgreensadmin đã giao hàng thành công','2021-12-19 21:03:47',37);
/*!40000 ALTER TABLE `order_tracks` ENABLE KEYS */;
UNLOCK TABLES;

--
-- Table structure for table `orderdetails`
--

DROP TABLE IF EXISTS `orderdetails`;
/*!40101 SET @saved_cs_client     = @@character_set_client */;
/*!50503 SET character_set_client = utf8mb4 */;
CREATE TABLE `orderdetails` (
  `id` int NOT NULL AUTO_INCREMENT,
  `quantity` int NOT NULL,
  `unit_price` double NOT NULL,
  `orderid` int DEFAULT NULL,
  `productid` int DEFAULT NULL,
  PRIMARY KEY (`id`),
  KEY `FKj4gc2ja2otvwemf4rho2lp3s8` (`orderid`),
  KEY `FKaltatpxipsjtcih4d1h6bn0xr` (`productid`),
  CONSTRAINT `FKaltatpxipsjtcih4d1h6bn0xr` FOREIGN KEY (`productid`) REFERENCES `products` (`id`),
  CONSTRAINT `FKj4gc2ja2otvwemf4rho2lp3s8` FOREIGN KEY (`orderid`) REFERENCES `orders` (`id`)
) ENGINE=InnoDB AUTO_INCREMENT=71 DEFAULT CHARSET=utf8mb4 COLLATE=utf8mb4_0900_ai_ci;
/*!40101 SET character_set_client = @saved_cs_client */;

--
-- Dumping data for table `orderdetails`
--

LOCK TABLES `orderdetails` WRITE;
/*!40000 ALTER TABLE `orderdetails` DISABLE KEYS */;
INSERT INTO `orderdetails` VALUES (1,3,13000,1,1),(2,3,40000,1,4),(3,3,13000,1,2),(4,1,13000,2,2),(5,2,13000,2,3),(6,1,13000,2,1),(7,1,13000,3,2),(8,1,13000,4,2),(9,1,60000,4,15),(10,1,349000,4,51),(11,1,35000,4,40),(12,1,110000,4,17),(13,1,110000,5,17),(14,2,13000,5,2),(15,2,70000,5,22),(16,1,100000,5,10),(17,1,13000,6,1),(18,1,37000,6,46),(19,1,175000,6,49),(20,1,46000,6,55),(21,1,349000,7,51),(22,1,70000,7,21),(23,1,360000,7,20),(24,1,75000,7,23),(25,1,79000,7,26),(26,1,55000,7,53),(27,4,60000,8,15),(28,1,578000,9,48),(29,1,70000,9,22),(30,1,100000,9,10),(31,1,83000,10,30),(32,1,35000,10,39),(33,1,60000,10,14),(34,1,100000,11,10),(35,1,135000,11,18),(36,1,70000,11,21),(37,1,75000,11,23),(38,1,79000,11,25),(39,1,80000,11,27),(40,1,81000,11,28),(41,1,5000,11,31),(42,1,349000,12,51),(43,1,35000,13,38),(44,1,13000,14,1),(45,1,25000,14,2),(46,2,30000,15,4),(47,2,30000,16,4),(48,2,30000,17,4),(49,1,9000,18,33),(50,1,9000,19,33),(51,1,100000,20,10),(52,1,349000,21,51),(53,1,135000,22,19),(54,1,70000,23,22),(55,1,350000,24,11),(56,1,350000,25,11),(57,1,390000,26,57),(58,2,35000,27,40),(59,1,70000,28,22),(60,2,7000,29,32),(61,1,100000,30,10),(62,1,100000,31,10),(63,1,42000,32,41),(64,1,470000,33,12),(65,2,10000,34,36),(66,1,150000,35,60),(67,1,100000,36,10),(68,1,69000,36,9),(69,1,350000,36,11),(70,1,100000,37,10);
/*!40000 ALTER TABLE `orderdetails` ENABLE KEYS */;
UNLOCK TABLES;

--
-- Table structure for table `orders`
--

DROP TABLE IF EXISTS `orders`;
/*!40101 SET @saved_cs_client     = @@character_set_client */;
/*!50503 SET character_set_client = utf8mb4 */;
CREATE TABLE `orders` (
  `id` int NOT NULL AUTO_INCREMENT,
  `address_line` varchar(64) NOT NULL,
  `amount` float DEFAULT NULL,
  `city` varchar(45) DEFAULT NULL,
  `country` varchar(45) NOT NULL,
  `coupon_id` int DEFAULT NULL,
  `createdate` datetime DEFAULT NULL,
  `deliver_date` datetime DEFAULT NULL,
  `deliver_days` int DEFAULT NULL,
  `description` varchar(1000) DEFAULT NULL,
  `discount` float DEFAULT NULL,
  `first_name` varchar(45) NOT NULL,
  `last_name` varchar(45) NOT NULL,
  `payment_id` varchar(100) DEFAULT NULL,
  `payment_method` varchar(45) DEFAULT NULL,
  `payment_status` varchar(50) NOT NULL,
  `phone_number` varchar(15) NOT NULL,
  `postal_code` varchar(10) NOT NULL,
  `shipping_cost` float DEFAULT NULL,
  `state` varchar(45) NOT NULL,
  `status` int DEFAULT NULL,
  `sub_total` float DEFAULT NULL,
  `username` varchar(255) DEFAULT NULL,
  PRIMARY KEY (`id`),
  KEY `FKk3cjfcgb621qhahps1tre43e4` (`username`),
  CONSTRAINT `FKk3cjfcgb621qhahps1tre43e4` FOREIGN KEY (`username`) REFERENCES `accounts` (`username`)
) ENGINE=InnoDB AUTO_INCREMENT=38 DEFAULT CHARSET=utf8mb4 COLLATE=utf8mb4_0900_ai_ci;
/*!40101 SET character_set_client = @saved_cs_client */;

--
-- Dumping data for table `orders`
--

LOCK TABLES `orders` WRITE;
/*!40000 ALTER TABLE `orders` DISABLE KEYS */;
INSERT INTO `orders` VALUES (1,'08 hà văn tính',181738,NULL,'Đà Nẵng',1,'2021-12-08 20:23:43','2021-12-09 20:23:19',1,'dat hang tai day',1950,'VGreens','Admin',NULL,'COD','Đã Thanh Toán','0378795129','LAncode',5293.35,'Sơn Trà',5,176445,'vgreensadmin'),(2,'08 hà văn tính',59052.5,NULL,'Đà Nẵng',NULL,'2021-12-08 20:27:13','2021-12-14 20:24:37',6,'lan dat',650,'VGreens','Admin','1GY470780J333615E','PAYPAL','Đã Thanh Toán','0378795129','adb',7702.5,'Hòa Vang',5,51350,'vgreensadmin'),(3,'08 hà văn tính',14950,NULL,'Đà Nẵng',NULL,'2021-12-08 20:35:00','2021-12-14 20:27:33',6,'avb',0,'VGreens','Admin','62P65690GH973211M','PAYPAL','Đã Thanh Toán','0378795129','nb',1950,'Hòa Vang',4,13000,'vgreensadmin'),(4,'348 trần tống',678300,NULL,'Đà Nẵng',NULL,'2021-12-09 12:40:49','2021-12-14 12:40:42',5,'hop dat',1750,'A','Hop',NULL,'COD','Đã Thanh Toán','0378795129','500000',113050,'Hoàng Sa',4,565250,'ahopcustomer1'),(5,'348 trần tống',445200,NULL,'Đà Nẵng',NULL,'2021-12-09 12:42:04','2021-12-14 12:41:58',5,'hop dat 2',5000,'A','Hop',NULL,'COD','Chưa Thanh Toán','0378795129','500000',74200,'Hoàng Sa',3,371000,'ahopcustomer1'),(6,'348 trần tống',311160,NULL,'Đà Nẵng',NULL,'2021-12-09 12:48:58','2021-12-14 12:47:17',5,'hot dat',11700,'A','Hop','7WJ82756NC7608645','PAYPAL','Đã Thanh Toán','0378795129','500000',51860,'Hoàng Sa',5,259300,'ahopcustomer1'),(7,'348 trần tống',1176900,NULL,'Đà Nẵng',NULL,'2021-12-09 12:50:54','2021-12-14 12:49:35',5,'hop dat 2',7250,'A','Hop','41H0025166281411B','PAYPAL','Đã Thanh Toán','0378795129','500000',196150,'Hoàng Sa',1,980750,'ahopcustomer1'),(8,'01 nghi ninh , tp đà nẵng',252000,NULL,'Đà Nẵng',NULL,'2021-11-09 13:34:08','2021-12-11 13:32:12',2,'lan dat hang',0,'lan','nguyen','88L930210K7416544','PAYPAL','Đã Thanh Toán','0378795129','500000',12000,'Thanh Khê',4,240000,'lancustomer1'),(9,'01 nghi ninh , tp đà nẵng',780150,NULL,'Đà Nẵng',NULL,'2021-11-09 13:35:01','2021-12-11 13:34:33',2,'lan dat credit card',5000,'lan','nguyen','1RE53593VU049732D','PAYPAL','Đã Thanh Toán','0378795129','500000',37150,'Thanh Khê',4,743000,'lancustomer1'),(10,'348 nguyễn văn linh',184966,NULL,'Đà Nẵng',NULL,'2021-11-09 13:37:04','2021-12-15 13:36:35',6,'thanh toan paypal',17160,'Nguyen','Thanh','75T58352AR4680206','PAYPAL','Đã Thanh Toán','0378795129','500000',24126,'Hòa Vang',2,160840,'thanhcustomer1'),(11,'348 trần tống',623438,NULL,'Đà Nẵng',NULL,'2021-12-09 13:38:03','2021-12-11 13:37:57',2,'dat cod',31250,'Nguyen','Tan',NULL,'COD','Chưa Thanh Toán','0378795129','500000',29687.5,'Thanh Khê',1,593750,'tancustomer1'),(12,'08 hà văn tính',401350,NULL,'Đà Nẵng',NULL,'2021-12-13 14:51:45','2021-12-19 14:51:33',6,'abc',0,'VGreens','Admin',NULL,'COD','Chưa Thanh Toán','0378795129','500000',52350,'Hòa Vang',1,349000,'vgreensadmin'),(13,'08 hà văn tính',40250,NULL,'Đà Nẵng',NULL,'2021-12-13 14:53:32','2021-12-19 14:53:23',6,'abc',0,'VGreens','Admin',NULL,'COD','Chưa Thanh Toán','0378795129','500000',5250,'Hòa Vang',5,35000,'vgreensadmin'),(14,'01 nghi ninh , tp đà nẵng',30387,NULL,'Đà Nẵng',NULL,'2021-12-13 16:29:35','2021-12-15 16:29:28',2,'avc',9060,'lan','nguyen',NULL,'COD','Chưa Thanh Toán','0378795129','500000',1447,'Thanh Khê',0,28940,'lancustomer1'),(15,'01 nghi ninh , tp đà nẵng',63000,NULL,'Đà Nẵng',NULL,'2021-10-13 17:00:45','2021-12-15 17:00:40',2,'abc',0,'lan','nguyen',NULL,'COD','Chưa Thanh Toán','0378795129','500000',3000,'Thanh Khê',0,60000,'lancustomer1'),(16,'01 nghi ninh , tp đà nẵng',63000,NULL,'Đà Nẵng',NULL,'2021-12-13 17:03:22','2021-12-15 17:00:40',2,'abc',0,'lan','nguyen',NULL,'COD','Chưa Thanh Toán','0378795129','500000',3000,'Thanh Khê',0,60000,'lancustomer1'),(17,'01 nghi ninh , tp đà nẵng',63000,NULL,'Đà Nẵng',NULL,'2021-01-13 17:03:22','2021-12-15 17:00:40',2,'abc',0,'lan','nguyen',NULL,'COD','Chưa Thanh Toán','0378795129','500000',3000,'Thanh Khê',0,60000,'lancustomer1'),(18,'01 nghi ninh , tp đà nẵng',9450,NULL,'Đà Nẵng',NULL,'2021-01-13 17:06:09','2021-12-15 17:06:02',2,'ttt',0,'lan','nguyen',NULL,'COD','Chưa Thanh Toán','0378795129','500000',450,'Thanh Khê',0,9000,'lancustomer1'),(19,'01 nghi ninh , tp đà nẵng',9450,NULL,'Đà Nẵng',NULL,'2021-12-13 17:11:52','2021-12-15 17:06:02',2,'ttt',0,'lan','nguyen',NULL,'COD','Chưa Thanh Toán','0378795129','500000',450,'Thanh Khê',0,9000,'lancustomer1'),(20,'01 nghi ninh , tp đà nẵng',99750,NULL,'Đà Nẵng',NULL,'2021-12-13 17:19:07','2021-12-15 17:19:02',2,'ik',5000,'lan','nguyen',NULL,'COD','Chưa Thanh Toán','0378795129','500000',4750,'Thanh Khê',0,95000,'lancustomer1'),(21,'01 nghi ninh , tp đà nẵng',366450,NULL,'Đà Nẵng',NULL,'2021-05-13 17:23:42','2021-12-15 17:21:32',2,'abv',0,'lan','nguyen','1HW75159SW1751500','PAYPAL','Đã Thanh Toán','0378795129','500000',17450,'Thanh Khê',4,349000,'lancustomer1'),(22,'01 nghi ninh , tp đà nẵng',141750,NULL,'Đà Nẵng',NULL,'2021-12-13 17:26:15','2021-12-15 17:26:08',2,'abc',0,'lan','nguyen',NULL,'COD','Chưa Thanh Toán','0378795129','500000',6750,'Thanh Khê',0,135000,'lancustomer1'),(23,'01 nghi ninh , tp đà nẵng',73500,NULL,'Đà Nẵng',NULL,'2021-12-13 20:18:06','2021-12-15 20:18:01',2,'accc',0,'lan','nguyen',NULL,'COD','Chưa Thanh Toán','0378795129','500000',3500,'Thanh Khê',0,70000,'lancustomer1'),(24,'01 nghi ninh , tp đà nẵng',367500,NULL,'Đà Nẵng',NULL,'2021-12-13 20:30:43','2021-12-15 20:30:38',2,'avcc',0,'lan','nguyen',NULL,'COD','Chưa Thanh Toán','0378795129','500000',17500,'Thanh Khê',0,350000,'lancustomer1'),(25,'01 nghi ninh , tp đà nẵng',367500,NULL,'Đà Nẵng',NULL,'2021-12-13 20:30:43','2021-12-15 20:30:38',2,'avcc',0,'lan','nguyen',NULL,'COD','Chưa Thanh Toán','0378795129','500000',17500,'Thanh Khê',0,350000,'lancustomer1'),(26,'01 nghi ninh , tp đà nẵng',409500,NULL,'Đà Nẵng',NULL,'2021-12-13 20:34:34','2021-12-15 20:34:32',2,NULL,0,'lan','nguyen',NULL,'COD','Chưa Thanh Toán','0378795129','500000',19500,'Thanh Khê',0,390000,'lancustomer1'),(27,'01 nghi ninh , tp đà nẵng',69825,NULL,'Đà Nẵng',NULL,'2021-12-13 20:46:13','2021-12-15 20:46:11',2,NULL,3500,'lan','nguyen',NULL,'COD','Chưa Thanh Toán','0378795129','500000',3325,'Thanh Khê',0,66500,'lancustomer1'),(28,'01 nghi ninh , tp đà nẵng',73500,NULL,'Đà Nẵng',NULL,'2021-12-13 20:49:08','2021-12-15 20:49:04',2,'acv',0,'lan','nguyen',NULL,'COD','Chưa Thanh Toán','0378795129','500000',3500,'Thanh Khê',0,70000,'lancustomer1'),(29,'01 nghi ninh , tp đà nẵng',14700,NULL,'Đà Nẵng',NULL,'2021-12-13 20:50:28','2021-12-15 20:50:23',2,'á222',0,'lan','nguyen',NULL,'COD','Chưa Thanh Toán','0378795129','500000',700,'Thanh Khê',0,14000,'lancustomer1'),(30,'01 nghi ninh , tp đà nẵng',99750,NULL,'Đà Nẵng',NULL,'2021-12-13 21:00:43','2021-12-15 21:00:41',2,NULL,5000,'lan','nguyen',NULL,'COD','Chưa Thanh Toán','0378795129','500000',4750,'Thanh Khê',0,95000,'lancustomer1'),(31,'01 nghi ninh , tp đà nẵng',99750,NULL,'Đà Nẵng',NULL,'2021-12-13 21:00:43','2021-12-15 21:00:41',2,NULL,5000,'lan','nguyen',NULL,'COD','Chưa Thanh Toán','0378795129','500000',4750,'Thanh Khê',0,95000,'lancustomer1'),(32,'01 nghi ninh , tp đà nẵng',44100,NULL,'Đà Nẵng',NULL,'2021-12-13 21:02:13','2021-12-15 21:02:11',2,NULL,0,'lan','nguyen',NULL,'COD','Chưa Thanh Toán','0378795129','500000',2100,'Thanh Khê',0,42000,'lancustomer1'),(33,'01 nghi ninh , tp đà nẵng',493500,NULL,'Đà Nẵng',NULL,'2021-12-13 21:03:09','2021-12-15 21:03:06',2,NULL,0,'lan','nguyen',NULL,'COD','Chưa Thanh Toán','0378795129','500000',23500,'Thanh Khê',0,470000,'lancustomer1'),(34,'01 nghi ninh , tp đà nẵng',21000,NULL,'Đà Nẵng',NULL,'2021-12-13 21:04:05','2021-12-15 21:04:02',2,NULL,0,'lan','nguyen',NULL,'COD','Chưa Thanh Toán','0378795129','500000',1000,'Thanh Khê',0,20000,'lancustomer1'),(35,'01 nghi ninh , tp đà nẵng',157500,NULL,'Đà Nẵng',NULL,'2021-12-13 21:05:16','2021-12-15 21:05:13',2,NULL,0,'lan','nguyen',NULL,'COD','Đã Thanh Toán','0378795129','500000',7500,'Thanh Khê',4,150000,'lancustomer1'),(36,'089 Nông sản',481104,NULL,'Đà Nẵng',1,'2021-12-19 20:08:27','2021-12-20 20:07:49',1,'giao hang cho dang hoang',5000,'Nhom','BA',NULL,'COD','Đã Thanh Toán','0378795129','500000',18504,'Hải Châu',4,462600,'landemo2'),(37,'01 nghi ninh , tp đà nẵng',99750,NULL,'Đà Nẵng',NULL,'2021-12-19 21:01:17','2021-12-21 21:01:13',2,NULL,5000,'lan','nguyen',NULL,'COD','Đã Thanh Toán','0378795129','500000',4750,'Thanh Khê',4,95000,'lancustomer1');
/*!40000 ALTER TABLE `orders` ENABLE KEYS */;
UNLOCK TABLES;

--
-- Table structure for table `post_foods`
--

DROP TABLE IF EXISTS `post_foods`;
/*!40101 SET @saved_cs_client     = @@character_set_client */;
/*!50503 SET character_set_client = utf8mb4 */;
CREATE TABLE `post_foods` (
  `postfoods_id` int NOT NULL AUTO_INCREMENT,
  `created_time` datetime NOT NULL,
  `post_description` text NOT NULL,
  `post_image` varchar(255) NOT NULL,
  `post_note` text NOT NULL,
  `post_title` varchar(255) DEFAULT NULL,
  `post_url` varchar(255) DEFAULT NULL,
  `post_view` varchar(255) NOT NULL,
  `updated_time` datetime DEFAULT NULL,
  PRIMARY KEY (`postfoods_id`)
) ENGINE=InnoDB AUTO_INCREMENT=16 DEFAULT CHARSET=utf8mb4 COLLATE=utf8mb4_0900_ai_ci;
/*!40101 SET character_set_client = @saved_cs_client */;

--
-- Dumping data for table `post_foods`
--

LOCK TABLES `post_foods` WRITE;
/*!40000 ALTER TABLE `post_foods` DISABLE KEYS */;
INSERT INTO `post_foods` VALUES (1,'2021-12-19 18:00:01','<p><span style=\"font-size: 18.75px;text-align: justify;\">Cà chua bi tuy nhỏ nhưng rất dễ trồng, có thể trồng nhiều vụ trong năm và sai quả. Cây cà chua có thể trồng ở bất cứ đâu, chỉ cần chú ý một chút trong khâu kỹ thuật trồng, người trồng sẽ đạt được hiệu quả như mong muốn. Sau đây, chuyên mục </span><strong style=\"font-size: 18.75px;text-align: justify;\"><a href=\"https://www.nongsandungha.com/danh-muc/hat-giong-rau-sach\">Hạt giống rau sạch</a></strong><span style=\"font-size: 18.75px;text-align: justify;\"> của </span><a href=\"https://www.nongsandungha.com/\" style=\"font-size: 18.75px;text-align: justify;\"><strong>Nông Sản</strong></a><span style=\"font-size: 18.75px;text-align: justify;\"> VGreens sẽ bật mí cho các bạn </span><b style=\"font-size: 18.75px;text-align: justify;\"><i>kỹ thuật trồng cà chua bi</i></b><span style=\"font-size: 18.75px;text-align: justify;\"> sai quả, cây lớn khỏe.</span><br/></p><h2 id=\"thong-tin-ve-ca-chua-bi\" style=\"font-size: 27.1875px;text-align: justify;\"><b><b>Thông tin về cà chua bi </b></b></h2><p style=\"text-align: center;font-size: 18.75px;\"><img class=\"aligncenter wp-image-27211 size-full\" src=\"https://admin.nongsandungha.com/wp-content/uploads/2021/09/trong-ca-chua-bi-3-min.jpg\" alt=\"cà chua bi\" width=\"500\" height=\"375\" style=\"vertical-align: middle;\"/></p><p style=\"font-size: 18.75px;text-align: justify;\"><b><i>Cây cà chua bi</i></b> có tên khoa học là Lycopersicum esculentum Miller, thuộc họ Solanaceae, có kích thước nhỏ hơn cà chua thường, hình dài hoặc tròn, vị chua ngọt nhưng ngọt hơn cà chua thường. </p><p style=\"font-size: 18.75px;text-align: justify;\">Đây là loại quả được nhiều người yêu thích vì chứa nhiều chất dinh dưỡng có lợi cho sức khỏe, chế biến được nhiều món ăn ngon và ra quả quanh năm, ít sâu bệnh.</p><p style=\"font-size: 18.75px;text-align: justify;\">Cây cà chua bi thường được trồng trong chậu, vừa để ra quả, vừa để trang trí ban công, hoặc sân vườn, ...</p><h2 id=\"cay-va-hat-ca-chua-giong\" style=\"font-size: 27.1875px;text-align: justify;\"><b><b>Cây và hạt cà chua giống</b></b></h2><p style=\"font-size: 18.75px;text-align: justify;\">Đầu tiên, bạn chọn giống cà chua mà mình muốn trồng. Nếu là lần đầu thì nên chọn loại phổ biến, được nhiều người yêu thích trồng đó là cà chua hữu cơ. Cây con 1 tháng tuổi có thể mua ở cửa hàng cây trồng, nếu bạn gieo hạt cà chua từ hạt thì nên ươm hạt trước 1 tháng để có cây con đúng vụ.</p><p style=\"font-size: 18.75px;text-align: justify;\">Cà chua bi trồng ba vụ chính trong năm được phân bổ như sau:</p><p style=\"font-size: 18.75px;text-align: justify;\">Vụ xuân hè: Gieo tháng 2-3; trồng tháng 3-4; Thu hoạch tháng 5-6.</p><p style=\"font-size: 18.75px;text-align: justify;\">Vụ sớm: Gieo tháng 7; Trồng tháng 8; Thu hoạch tháng 9-10.</p><p style=\"font-size: 18.75px;text-align: justify;\">Vụ muộn: Gieo hạt tháng 10; Tháng 11 trồng; Thu hoạch tháng Hai và tháng Ba.</p><p style=\"font-size: 18.75px;text-align: justify;\">Vụ chính: Gieo hạt từ 20 - 25/9; trồng từ ngày 18 - 22/10; Thu hoạch tháng 12-1.</p><p style=\"font-size: 18.75px;text-align: justify;\">Có thể gieo hạt vào bầu, khay xốp hoặc luống ươm rồi nhổ đem trồng sau 20-25 ngày tuổi khi cây có 3-5 lá thật, cứng cáp, không sâu bệnh.</p><p style=\"font-size: 18.75px;text-align: justify;\">Đọc thêm: <a href=\"https://www.nongsandungha.com/ky-thuat-trong-dua-leo-baby-tai-nha-don-gian-chi-tiet.html\">Kỹ thuật trồng dưa leo baby tại nhà đơn giản chi tiết</a></p><h2 id=\"dat-trong\" style=\"font-size: 27.1875px;text-align: justify;\"><b><b>Đất trồng</b></b></h2><p style=\"text-align: center;font-size: 18.75px;\"><img class=\"aligncenter wp-image-27213 size-full\" src=\"https://admin.nongsandungha.com/wp-content/uploads/2021/09/trong-ca-chua-bi-1-min.jpg\" alt=\"kỹ thuật trồng cà chua bi\" width=\"500\" height=\"285\" style=\"vertical-align: middle;\"/></p><p style=\"font-size: 18.75px;text-align: justify;\">Cà chua có thể trồng trên nhiều loại đất khác nhau, tuy nhiên bạn nên tham khảo các loại đất hữu cơ vừa sạch, vừa đầy đủ chất dinh dưỡng cho chậu cây. Cà chua yêu cầu đất giàu chất dinh dưỡng hữu cơ. Cách đơn giản là trộn đất, trấu với phân gà (có phân hữu cơ nào dùng mà bón). Nếu không thể tự làm phân xanh hữu cơ tại nhà, bạn có thể mua ở cửa hàng.</p><h2 id=\"anh-sang\" style=\"font-size: 27.1875px;text-align: justify;\"><b><b>Ánh sáng</b></b></h2><p style=\"font-size: 18.75px;text-align: justify;\">Cà chua là loại cây ưa sáng nên vị trí trồng cây cà chua lý tưởng nhất là nơi có đầy đủ ánh nắng mặt trời, ít nhất 6 - 7 tiếng / ngày. Cà chua cần nhiều ánh nắng ấm để có hương vị thơm ngon.</p><p style=\"font-size: 18.75px;text-align: justify;\">Tuy nhiên khi trời quá nắng gắt bạn có thể để cây mới trồng vào nơi mát mẻ, râm bóng, hoặc có biện pháp che chắn hợp lý để cây không bị héo lá.</p><h2 id=\"ky-thuat-trong-ca-chua-bi\" style=\"font-size: 27.1875px;text-align: justify;\"><b><b>Kỹ thuật trồng cà chua bi</b></b></h2><h3 id=\"1-chuan-bi-hat\" style=\"font-size: 24.375px;text-align: justify;\"><b><b>1. Chuẩn bị hạt</b></b></h3><p style=\"font-size: 18.75px;text-align: justify;\">Bạn nên chọn <a href=\"https://www.nongsandungha.com/thuc-pham/hat-giong-ca-chua-bi\"><b>hạt giống cà chua bi </b></a>phù hợp với vùng sinh thái và thời vụ gieo trồng.</p><p style=\"font-size: 18.75px;text-align: justify;\">Xử lý hạt giống trước khi gieo: ngâm hạt trong nước ấm khoảng 45-50oC (xử lý 3 sôi: 2 lạnh) 2 - 3 giờ, sau đó để ráo nước rồi cho vào vải khan ngâm ở nhiệt độ 25 - 30oC đến khi hạt nứt nanh thì đem gieo.</p><h3 id=\"2-gieo-hat\" style=\"font-size: 24.375px;text-align: justify;\"><b><b>2. Gieo hạt</b></b></h3><p style=\"font-size: 18.75px;text-align: justify;\">Có thể gieo hạt vào túi bầu, khay xốp hoặc khay nhựa kích thước 60 x 45 cm với số lượng 40-60 lỗ/khay, trên khay có lỗ bầu, đường kính 4,0-5,5 cm.</p><p style=\"font-size: 18.75px;text-align: justify;\">Giá thể: Có thể trộn hỗn hợp giá thể cho vào khay ươm theo các công thức sau:</p><p style=\"font-size: 18.75px;text-align: justify;\">Đất: Bột xơ dừa: Phân hữu cơ theo tỷ lệ 1: 1: 1</p><p style=\"font-size: 18.75px;text-align: justify;\">Trấu hun: Đất: Phân hữu cơ theo tỷ lệ khối lượng 3: 4: 3.</p><p style=\"font-size: 18.75px;text-align: justify;\">Gieo hạt: Gieo 1 hạt/hốc, sau khi gieo phủ một lớp đất mỏng vừa đủ lên hạt.</p><p style=\"font-size: 18.75px;text-align: justify;\">Khay gieo hạt nên để trong nhà, có mái che, làm bằng vật liệu nhẹ (ni lông hoặc tấm nhựa trắng).</p><h3 id=\"3-ky-thuat-trong-va-cham-soc-ca-chua-bi\" style=\"font-size: 24.375px;text-align: justify;\"><b><b>3. Kỹ thuật trồng và chăm sóc cà chua bi</b></b></h3><p style=\"font-size: 18.75px;text-align: justify;\">Cây con có 4-5 lá thật, cao 10-12cm, thân mập, khỏe mạnh được nhổ đem trồng vào bầu.</p><p style=\"font-size: 18.75px;text-align: justify;\">Cây cà chua có dạng rễ chạy dọc theo thân nên bạn có thể trồng sâu xuống đất, chỉ để lại phần lá non phía trên mặt đất.</p><p style=\"font-size: 18.75px;text-align: justify;\">Thường xuyên tưới nước cho cây cà chua trong 1 - 2 tuần đầu luôn là điều nên làm để giúp chúng cứng cây và phát triển tốt hơn. Cây cà chua dễ bị khô hạn khi còn nhỏ.</p><p style=\"font-size: 18.75px;text-align: justify;\">Cà chua có thể sang chậu 20-25 ngày khi cây có 2-3 lá thật, cứng cáp, không sâu bệnh. Bạn có thể <b><i>trồng cà chua bi trong chậu</i></b>, thùng xốp, sân vườn. Trồng vào bầu, bầu phải sâu 20cm.</p><p style=\"font-size: 18.75px;text-align: justify;\">Cây giống cà chua ưa ẩm nên cần tưới nước thường xuyên.</p><p style=\"font-size: 18.75px;text-align: justify;\"><em>Một vài chú ý khi trồng cà chia bi tại nhà:</em></p><p style=\"font-size: 18.75px;text-align: justify;\">Giữ ẩm cho đất không phải tưới nước liên tục. Đất sũng nước sẽ làm chết rễ và tạo điều kiện cho nấm phát triển, nhất là khi trời thật ấm hoặc nóng.</p><p style=\"font-size: 18.75px;text-align: justify;\">Tưới tập trung từ gốc trở xuống, tưới đều xung quanh cây sẽ tốt hơn tưới trực tiếp lên lá. Vì cách tưới này sẽ khuyến khích một số bệnh thường gặp trên cây cà chua phát triển.</p><p style=\"font-size: 18.75px;text-align: justify;\">Tăng dần lượng nước tưới sau 10 ngày và đảm bảo cây nhận được khoảng 7,5 lít nước mỗi tuần, bắt đầu từ cuối tuần thứ 2 sau khi trồng.</p><p style=\"font-size: 18.75px;text-align: justify;\">Mỗi tuần tưới đẫm nước cho cây 2-3 lần, mỗi lần tưới 3-4 lít nước. Lượng nước có thể tăng lên nếu cây lớn hơn và thời tiết nắng nóng hơn. Trong trường hợp thời tiết quá khô và nóng, bạn có thể tưới thường xuyên hơn tỷ lệ tiêu chuẩn.</p><h2 id=\"lam-gian\" style=\"font-size: 27.1875px;text-align: justify;\"><b><b>Làm giàn</b></b></h2><p style=\"text-align: center;font-size: 18.75px;\"><img class=\"aligncenter wp-image-27212 size-full\" src=\"https://admin.nongsandungha.com/wp-content/uploads/2021/09/trong-va-cham-soc-ca-chua-min.jpg\" alt=\"kỹ thuật trồng cà chua bi\" width=\"500\" height=\"281\" style=\"vertical-align: middle;\"/></p><p style=\"font-size: 18.75px;text-align: justify;\">Khi cây cà chua được 1,5-2 tháng tuổi là lúc bạn nên làm giàn hoặc cọc để chống đỡ thân cây. Bạn có thể dùng tre, nứa, gỗ, ống nước hoặc cọc sắt để nâng đỡ thân cà chua không bị cong, gãy khi ra nhiều quả. </p><p style=\"font-size: 18.75px;text-align: justify;\">Kích thước của cọc hoặc giàn tùy thuộc vào loại cây cà chua mà bạn chọn trồng. Nếu chỉ <b><i>trồng cà chua bi trong chậu</i></b> nhỏ thì bạn chỉ cần cột chống đỡ cho cây, còn nếu là cây con lớn hoặc trồng ngoài vườn thì phải làm giàn đỡ.</p><p style=\"font-size: 18.75px;text-align: justify;\">Giàn chữ A với 3 thanh giằng ngang hoặc thanh sắt bao quanh chậu, cao 1,6-1,7m, buộc thân chính bằng dây mềm dọc theo cây dốc thẳng đứng.</p><p style=\"font-size: 18.75px;text-align: justify;\">Làm cho cây đơm hoa kết trái và nuôi cây: Tỉa bớt cành thừa, lá già để cây thoáng hơn. Mỗi cây chỉ để lại 1 thân chính và 2 cành cấp 1 sát chùm hoa đầu tiên, sau đó để cây phát triển nhiều cành sẽ cho nhiều hoa, nhiều quả.</p><p style=\"font-size: 18.75px;text-align: justify;\"><em>Một vài lưu ý khi chăm sóc cà chua bi:</em></p><ul style=\"font-size: 18.75px;text-align: justify;\"><li>Tưới đủ ẩm cho cà chua, không để cà chua bị úng hoặc độ ẩm quá lớn. Thường xuyên phát hiện và phòng trừ sâu bệnh kịp thời cho cà chua.</li><li>Thường xuyên cắt tỉa lá già, lá bệnh giúp cây thông thoáng, giảm sâu bệnh.</li><li>Mục đích của việc tỉa cành là để tập trung chất dinh dưỡng nuôi quả. Có hai cách bấm ngọn để tỉa cành, tùy theo đặc điểm của từng giống cây mà sử dụng các phương pháp khác nhau.</li></ul><p style=\"font-size: 18.75px;text-align: justify;\">Với cà chua sinh trưởng hạn chế: Tiến hành cắt bỏ cành nhưng vẫn để lại một cành từ thân chính dưới nách các lá bên dưới cụm hoa đầu tiên. (Cắt hết chồi non và cành khỏe) Bấm ngọn khi cây đó có 4-5 chùm quả. Từ chùm quả cuối cùng trở lên để lại hai lá, phần ngọn được bấm đi.</p><p style=\"font-size: 18.75px;text-align: justify;\">Quả sẽ xuất hiện từ khoảng 45-90 ngày kể từ khi cây được trồng xuống đất</p><h2 id=\"thu-hoach\" style=\"font-size: 27.1875px;text-align: justify;\"><b><b>Thu hoạch</b></b></h2><p style=\"text-align: center;font-size: 18.75px;\"><img class=\"aligncenter wp-image-27210 size-full\" src=\"https://admin.nongsandungha.com/wp-content/uploads/2021/09/trong-ca-chua-bi-2-min.jpg\" alt=\"thu hoạch cà chua bi\" width=\"500\" height=\"500\" style=\"vertical-align: middle;\"/></p><p style=\"font-size: 18.75px;text-align: justify;\">Quả sẽ xuất hiện khoảng 45-90 ngày kể từ khi cây được trồng xuống đất. Lúc đầu quả sẽ có màu xanh, sau đó chuyển sang màu vàng, hồng và cuối cùng là màu đỏ sẫm. Chất lượng quả cao nhất khi quả chín hoàn toàn (màu đỏ sẫm). Khi quả chín, dùng dao hoặc kéo cắt quả. Hoặc bạn có thể hái sớm hơn, ủ trong nhà để trái tự chín.</p><p style=\"font-size: 18.75px;text-align: justify;\">Bạn có thể bảo quản cà chua bi chín trong tủ lạnh và chế biến nhiều món ăn ngon cho cả nhà như: salad, canh chua, món xào,...</p><p style=\"font-size: 18.75px;text-align: justify;\">Trên đây là những hướng dẫn<b><i> kỹ thuật trồng cà chua bi </i></b>mà chúng tôi muốn chia sẻ cho các bạn. Thật đơn giản phải không nào? Hy vọng với những thông tin này các bạn sẽ tự tay trồng cho mình những cây cà chua bi khỏe mạnh và sai quả nhất. Nếu thấy hữu ích đừng quên chia sẻ và cập nhật các thông tin khác <a href=\"https://www.nongsandungha.com/rau-sach\">TẠI ĐÂY</a>.<span id=\"selectionBoundary_1639911600949_8450995408767084\" class=\"rangySelectionBoundary\">&#65279;</span></p>','https://res.cloudinary.com/lancloudshop/image/upload/v1639901120/mp5z3nlidpspg7q4yacj.jpg','Cà chua bi tuy nhỏ nhưng rất dễ trồng, có thể trồng nhiều vụ trong năm và sai quả. Cây cà chua có thể trồng ở bất cứ đâu, chỉ cần chú ý một chút trong khâu kỹ thuật trồng, người trồng sẽ đạt được hiệu quả như mong muốn. Sau đây, chuyên mục Hạt giống rau sạch của Nông Sản Dũng Hà sẽ bật mí cho các bạn kỹ thuật trồng cà chua bi sai quả, cây lớn khỏe.','KỸ THUẬT TRỒNG CÀ CHUA BI CHI TIẾT ĐƠN GIẢN, CÂY KHỎE - QUẢ SAI','http://localhost:8080/vgreens/admin/post-management/1','1477','2021-12-19 18:00:01'),(2,'2021-12-19 19:09:01','<p><span style=\"font-size: 18.75px;text-align: justify;\">Hiện nay, dưa leo không chỉ quen thuộc trong bữa ăn hàng ngày mà còn được chị em sử dụng trong việc làm đẹp và hỗ trợ giảm cân. Vì vậy, nhiều nông dân, chủ trang trại đầu tư trồng dưa leo để phục vụ bữa ăn cho gia đình và mang lại nguồn thu nhập. Vậy làm thế nào để trồng cây dưa chuột đúng cách và mang lại năng suất cao. Dưới đây, </span><a href=\"https://www.nongsandungha.com/\" style=\"font-size: 18.75px;text-align: justify;\"><strong>Nông sản </strong></a><b style=\"font-size: 18.75px;text-align: justify;\">VGreens</b><span style=\"font-size: 18.75px;text-align: justify;\"> sẽ chia sẻ </span><b style=\"font-size: 18.75px;text-align: justify;\"><i>kỹ thuật trồng dưa leo baby</i></b><span style=\"font-size: 18.75px;text-align: justify;\"> cho mọi người.</span><span style=\"font-size: 1rem;\">​</span></p><p></p><h2 id=\"1-ky-thuat-trong-hat-giong-dua-leo-baby\" style=\"font-size: 27.1875px;text-align: justify;\"><b><b>1. Kỹ thuật trồng hạt giống dưa leo baby</b></b></h2><blockquote><blockquote><blockquote><blockquote><blockquote><p style=\"font-size: 18.75px;text-align: justify;\"></p></blockquote></blockquote></blockquote></blockquote></blockquote><blockquote><blockquote><blockquote><blockquote><blockquote><blockquote><blockquote><blockquote><p style=\"text-align: center;font-size: 18.75px;\"><img class=\"aligncenter wp-image-27161 size-full\" src=\"https://admin.nongsandungha.com/wp-content/uploads/2021/09/ky-thuat-trong-dua-leo-baby-min.jpg\" alt=\"kỹ thuật trồng dưa leo baby\" width=\"500\" height=\"333\" style=\"vertical-align: middle;\"/></p></blockquote></blockquote></blockquote></blockquote></blockquote></blockquote></blockquote></blockquote><blockquote><blockquote><blockquote><blockquote><blockquote><p></p></blockquote></blockquote></blockquote></blockquote></blockquote><p style=\"font-size: 18.75px;text-align: justify;\"><strong><em>Dưa chuột bao tử</em></strong> là loại dưa chuột nhỏ quen thuộc trong nhiều món ăn của gia đình. Bạn có thể chế biến thành nhiều món ăn khác nhau mà vẫn đảm bảo cung cấp đủ lượng chất dinh dưỡng cần thiết cho gia đình và không bị ngán.</p><p style=\"font-size: 18.75px;text-align: justify;\">Dưa chuột bao tử là giống dưa có khả năng sinh trưởng rất tốt. Sinh trưởng nhanh, tốt, chống chịu sâu bệnh tốt và cho năng suất cao.</p><p style=\"font-size: 18.75px;text-align: justify;\">Dưa chuột bao tử cung cấp nhiều dưỡng chất tốt cho sức khỏe như vitamin B1, vitamin c, vitamin B2, vitamin B5, vitamin B6, vitamin B3 cùng với chất xơ, khoáng chất như canxi, kali, kẽm, axit folic, magie, sắt, ... Dưa chuột bao tử còn hỗ trợ phòng chống một số bệnh như ung thư, giúp ổn định huyết áp, giúp thận hoạt động tốt, giúp hơi thở thơm tho, .... Mặt khác, dưa chuột bao tử còn hỗ trợ giảm cân và làm đẹp cho chị em phụ nữ.</p><h3 id=\"huong-dan-ky-thuat-ngam-hat-de-trong-dua-leo-baby\" style=\"font-size: 24.375px;text-align: justify;\"><b><b>Hướng dẫn kỹ thuật ngâm hạt để trồng dưa leo baby</b></b></h3><ul style=\"font-size: 18.75px;text-align: justify;\"><li>Ngâm hạt trong nước ấm khoảng 8 tiếng, vớt ra cho vào viên nén để ươm hạt nơi thoáng mát hoặc gieo thẳng vào đất tơi xốp.</li><li>Tưới vào buổi sáng và tối bằng bình tưới phun sương.</li><li>Sau khoảng 1-2 ngày, hạt dưa chuột bao tử sẽ nảy mầm.</li><li>Khoảng 4-6 ngày, cây cứng cáp, ra rễ nhiều, bạn có thể dễ dàng thì đem cây dưa chuột con ra trồng vào đất tơi xốp, nhiều nắng.</li></ul><h2 id=\"2-thoi-vu-trong-dua-leo-baby\" style=\"font-size: 27.1875px;text-align: justify;\"><b><b>2. Thời vụ trồng dưa leo baby</b></b></h2><p style=\"font-size: 18.75px;text-align: justify;\">Dưa chuột bao tử có thể trồng quanh năm vì là loại cây ưa nóng, mọc ở nơi có nhiều ánh sáng. Tuy nhiên, thời điểm tốt nhất để<strong><em> trồng dưa chuột</em></strong> trong năm có thể được chia thành hai mùa chính:</p><p style=\"font-size: 18.75px;text-align: justify;\">Vụ xuân: Gieo từ cuối tháng 1 đến cuối tháng 2 dương lịch</p><p style=\"font-size: 18.75px;text-align: justify;\">Vụ đông: Gieo từ đầu tháng 9 đến cuối tháng 1</p><blockquote><blockquote><blockquote><blockquote><blockquote><p style=\"font-size: 18.75px;text-align: justify;\"></p><blockquote><p style=\"text-align: center;font-size: 18.75px;\"><img class=\"aligncenter wp-image-27159 size-full\" src=\"https://admin.nongsandungha.com/wp-content/uploads/2021/09/trong-dua-leo-baby-min.jpg\" alt=\"trồng dưa leo baby\" width=\"500\" height=\"333\" style=\"vertical-align: middle;\"/></p></blockquote><p></p></blockquote></blockquote></blockquote></blockquote></blockquote><h2 id=\"3-xu-ly-hat-giong-truoc-khi-gieo\" style=\"font-size: 27.1875px;text-align: justify;\"><b><b>3. Xử lý hạt giống trước khi gieo</b></b></h2><p style=\"font-size: 18.75px;text-align: justify;\">Trước khi gieo trồng cần ngâm <strong><a href=\"https://www.nongsandungha.com/danh-muc/hat-giong-rau-sach\">hạt giống</a></strong>. Ngâm<strong><em> hạt giống dưa chuột</em> </strong>trong nước ấm khoảng 2-3 tiếng rồi vớt ra ủ với khăn ẩm.</p><p style=\"font-size: 18.75px;text-align: justify;\">Khi hạt nứt nanh và nảy mầm trắng thì đem gieo trực tiếp hoặc gieo vào bầu đất. Tuy nhiên, để cây con phát triển tốt nhất thì nên gieo qua bầu, điều này sẽ giúp bạn dễ dàng chăm sóc, phòng trừ sâu bệnh, dễ trồng.</p><h2 id=\"4-trong-cay\" style=\"font-size: 27.1875px;text-align: justify;\"><b><b>4. Trồng cây</b></b></h2><p style=\"font-size: 18.75px;text-align: justify;\">Để cây cho nhiều quả, năng suất chất lượng cao, trước khi trồng cần xử lý đất tơi xốp, loại bỏ cỏ dại, rải vôi bột để khử trùng đất. Khu vực trồng cần dễ lấy nước cho cây và dễ thoát nước để tránh úng.</p><p style=\"font-size: 18.75px;text-align: justify;\">Khi cây con cao khoảng 5cm với 2 lá mầm và chồi lớn. Những chiếc lá ở giữa đang chuẩn bị nhú thì ta mang ra trồng. Lên luống cao 20-30cm với khoảng cách 60-70 cm. Tạo hố sâu, nhấc cây ra khỏi khay và vùi bầu cây xuống đất, vun đất cho chặt gốc. Phủ rơm rạ, mùn gỗ, cỏ khô xung quanh gốc để giữ độ ẩm cho cây trồng.</p><p style=\"font-size: 18.75px;text-align: justify;\">Thời điểm thích hợp để trồng cây trong ngày là sáng sớm hoặc chiều tối khi hết nắng, tránh ánh nắng chiếu trực tiếp vào cây từ 1 - 2 ngày để cây con phục hồi ...</p><p style=\"font-size: 18.75px;text-align: justify;\">Đọc thêm: <strong><a href=\"https://www.nongsandungha.com/huong-dan-trong-cai-cau-vong.html\">Hướng dẫn trồng cải cầu vồng</a></strong></p><h2 id=\"5-bon-phan-va-cham-soc-cho-cay\" style=\"font-size: 27.1875px;text-align: justify;\"><b><b>5. Bón phân và chăm sóc cho cây</b></b></h2><p style=\"font-size: 18.75px;text-align: justify;\">Giai đoạn này là giai đoạn quan trọng hỗ trợ cho <strong><em>dưa leo baby</em></strong> trong quá trình sinh trưởng và phát triển. Nó quyết định đến sức khỏe và năng suất của cây nên cần có kỹ thuật chăm sóc dưa chuột bao tử hợp lý.</p><h3 id=\"bon-phan\" style=\"font-size: 24.375px;text-align: justify;\"><b><b>Bón phân</b></b></h3><p style=\"font-size: 18.75px;text-align: justify;\">Yêu cầu dinh dưỡng của dưa chuột Baby khá cao, mạnh nhất là Kali tiếp theo là protein. Vì vậy cần tưới nhiều nước và hòa các loại phân lân, đạm, kali, ure vào nước để tưới cho cây để tăng chất dinh dưỡng cho cây sinh trưởng và ra hoa. Lưu ý sau khi bón phân cần tưới lại nước để tránh làm cháy rễ cây.</p><p style=\"font-size: 18.75px;text-align: justify;\">Thường xuyên nhặt cỏ ở gốc cây, ngắt bớt lá cây già ở phía dưới và cành bên để tạo độ thông thoáng cho cây. Không nên để cây quá cao để cây ra nhiều nhánh cho nhiều hoa và đậu trái.</p><h3 id=\"tuoi-nuoc\" style=\"font-size: 24.375px;text-align: justify;\"><b><b>Tưới nước</b></b></h3><p style=\"font-size: 18.75px;text-align: justify;\">Khi cây còn nhỏ, chúng ta cần tưới nước điều độ, tránh làm cây bị úng hoặc khô héo. Nhưng khi cây ra hoa đậu quả thì cần cung cấp thêm nước cho cây vì cây cần nhiều nước để nuôi quả ở giai đoạn này. Tuy nhiên, bạn cần lưu ý sử dụng nước sạch để tưới cây, có thể lấy nước từ các hồ đập, sông ngòi hoặc giếng khoan đã qua xử lý, không lấy nước trực tiếp từ khu vực ô nhiễm để tránh ảnh hưởng đến môi trường cây phát triển.</p><p style=\"font-size: 18.75px;text-align: justify;\">Khi cây bắt đầu ra tua thì nên làm giàn cho dưa chuột leo. Nên cắm giàn hình chữ A. Cần buộc ngọn dưa để dưa không bị gãy. Công việc này được thực hiện thường xuyên cho đến khi cây ngừng phát triển để đảm bảo năng suất và chất lượng dưa…</p><h3 id=\"tia-canh\" style=\"font-size: 24.375px;text-align: justify;\"><b><b>Tỉa cành</b></b></h3><p style=\"font-size: 18.75px;text-align: justify;\">Bạn cần cắt tỉa, cắt bỏ những cành phụ, cành yếu, không có khả năng đậu trái để tập trung cung cấp chất dinh dưỡng cho cây cho đến khi thân chính bò lên đỉnh giàn. Nên để lại 4-6 cành phụ và ngắt bớt chồi của thân chính để cây phát triển ra hoa và đậu quả sớm.</p><h2 id=\"6-phong-ngua-sau-benh\" style=\"font-size: 27.1875px;text-align: justify;\"><b><b>6. Phòng ngừa sâu bệnh</b></b></h2><p style=\"font-size: 18.75px;text-align: justify;\">Sâu bệnh ảnh hưởng trực tiếp đến sức khỏe và năng suất của cây. Cần tiến hành phòng trừ sâu bệnh ngay từ khi mới trồng và làm đất để hạn chế đáng kể sâu bệnh cho cây.</p><p style=\"font-size: 18.75px;text-align: justify;\">Thường xuyên kiểm tra để phát hiện sớm sâu bệnh hại để xử lý sâu bệnh kịp thời. Chỉ sử dụng thuốc bảo vệ thực vật khi thực sự cần thiết và đảm bảo thuốc nằm trong danh mục cho phép.</p><blockquote><blockquote><blockquote><blockquote><p style=\"font-size: 18.75px;text-align: justify;\"></p><blockquote><p style=\"text-align: center;font-size: 18.75px;\"><img class=\"aligncenter wp-image-27160 size-full\" src=\"https://admin.nongsandungha.com/wp-content/uploads/2021/09/thu-hoach-dua-leo-baby-min.jpg\" alt=\"thu hoạch dưa leo baby\" width=\"500\" height=\"500\" style=\"vertical-align: middle;\"/></p></blockquote><p></p></blockquote></blockquote></blockquote></blockquote><h2 id=\"7-thu-hoach\" style=\"font-size: 27.1875px;text-align: justify;\"><b><b>7. Thu hoạch</b></b></h2><p style=\"font-size: 18.75px;text-align: justify;\">Bạn có thể <strong><em>thu hoạch dưa leo baby</em> </strong>sau 45 ngày kể từ khi trồng dưa hoặc 5 ngày sau khi ra hoa. Bạn nên thu hoạch trong thời gian này vì lúc này quả non ăn sẽ ngon hơn.</p><p style=\"font-size: 18.75px;text-align: justify;\">Trên đây là những chia sẻ của Nông Sản Dũng Hà về <b><i>kỹ thuật trồng dưa leo baby</i></b>, các bạn có nhu cầu mua <strong><a href=\"https://www.nongsandungha.com/thuc-pham/hat-giong-dua-chuot-baby\">hạt giống dưa chuột baby</a></strong> hay <a href=\"https://www.nongsandungha.com/thuc-pham/dua-leo-baby\"><strong>quả dưa leo baby</strong></a> hãy liên hệ với chúng tôi nhé.</p>','https://res.cloudinary.com/lancloudshop/image/upload/v1639901322/dnrjtgczobi1pwiugtgy.jpg','Hiện nay, dưa leo không chỉ quen thuộc trong bữa ăn hàng ngày mà còn được chị em sử dụng trong việc làm đẹp và hỗ trợ giảm cân. Vì vậy, nhiều nông dân, chủ trang trại đầu tư trồng dưa leo để phục vụ bữa ăn cho gia đình và mang lại nguồn thu nhập. Vậy làm thế nào để trồng cây dưa chuột đúng cách và mang lại năng suất cao. Dưới đây, Nông sản VGreens sẽ chia sẻ kỹ thuật trồng dưa leo baby cho mọi người.','KỸ THUẬT TRỒNG DƯA LEO BABY TẠI NHÀ ĐƠN GIẢN CHI TIẾT','http://localhost:8080/vgreens/admin/post-management/2','10','2021-12-19 19:09:01'),(3,'2021-12-19 18:00:35','<p>Chuyện là hôm vừa rồi mình thèm ăn Bún Chân Giò Dọc Mùng quá. Món Bún Bung ở Hà Thành này ngon lắm nhé các bạn. Ấy vậy mà giãn cách xã hội các bạn ạ, chẳng quán nào mở cả. Mình đành phải lăn vào bếp. Ngặt nỗi mình làm vội thành ra cái Dọc Mùng nó hơi ngứa. Nghĩ cay cú, mình tra Google cách làm dọc mùng nhanh gọn lẹ cho món Bún Bung.<br/></p><p style=\"font-size: 16px;\">Nhờ chị Google, mình tìm được cách trừng trị cái ngứa ngáy của Dọc Mùng vừa nhanh lại hiệu quả. Mình có cái tính, đã nhận được 1 cái gì đó cũng phải đáp lễ lại. Nên tiện đây, Shop <a href=\"https://shopnongsansach.com/\" style=\"background-color: transparent;\">NongSanSach</a> chia sẻ cho các bạn công thức nấu món này trả lễ cho chị Google.</p><h2 style=\"width: 772.5px;font-size: 1.6em;text-align: center;\"><strong>CÁCH NẤU BÚN CHÂN GIÒ DỌC MÙNG HAY MÓN BÚN BUNG HÀ NỘI</strong></h2><p style=\"font-size: 16px;\">Để thi triển món Bún Chân Giò Dọc Mùng (Bún Bung) này, các bạn cần phải chuẩn bị các nguyên liệu sau (Khối lượng/trọng lượng tùy khẩu phần ăn và khẩu vị nhé các bạn):</p><ul style=\"font-size: 16px;\"><li>Xương bay/ xương hom/ một số nơi gọi là xương bai.</li><li>Xương gà.</li><li>Đu đủ xanh.</li><li>Sườn thăn hoặc thịt chân giò/móng giò.</li><li>Giò sống</li><li>Thịt vai băm</li><li>Nấm hương</li><li>Mộc nhĩ</li><li>Dọc Mùng.</li><li>Cà chua.</li><li>Hành khô</li><li>Đường phèn.</li><li>Nghệ</li><li>Bún rối.</li><li>Hành hoa, Mùi tàu, Rau mùi.</li><li>Gia vị: Muối, rượu, gừng, nước mắm, hạt tiêu, xì dầu, ớt,…</li></ul><h3 style=\"width: 772.5px;font-size: 1.25em;\"><strong>CÁCH LÀM BÚN BUNG – BÚN CHÂN GIÒ DỌC MÙNG</strong></h3><p style=\"font-size: 16px;\">Muốn món Bún Chân Giò Dọc Mùng (Bún Bung) ngon bạn cần phải cầu kỳ trong khâu chọn thực phẩm một chút. Thịt tươi mới, rau sạch và tươi. Bún mới và nên chọn Bún Bạch Tràng (Đông Anh) hoặc Bún Phú Đô (Nam Từ Liêm).</p><p style=\"font-size: 16px;\">Phần thịt Chân Giò bạn nên chọn bắp giò ở chân trước sẽ ngon hơn. Chân sau thường nhiều mỡ hơn và thịt không săn chắc như chân trước. Chọn khối thịt chân giò rắn chắc, thớ thịt đều. Đường cắt mặt thịt khô ráo, khi ấn tay xuống thịt có độ đàn hồi cao. Nên chọn những miếng chân giò có màu hồng tươi, không có màu khác lạ. Thịt có vết cắt có màu sắc tự nhiên, sáng, khô.</p><p style=\"font-size: 16px;\">Nếu có chân giò, bạn sơ chế chân giò sạch lông (Có thể dùng khò hoặc thui bằng lửa than), rửa sạch.</p><p style=\"font-size: 16px;\">Xương lợn: Sơ chế xương lợn bằng cách rửa qua rượu rồi áp chảo cho vàng mặt.</p><p style=\"font-size: 16px;\">Thịt chân giò/sườn: Bóp sạch với muối và rượu sau đó rửa sạch. Cuộn tròn thịt chân giò, lấy dây bó lại.</p><p style=\"font-size: 16px;\">Luộc chân giò/sườn/móng giò: Cho nước, 1 thìa muối, gừng đập dập và chân giò/ sườn/ móng giò vào đun sôi. Sau đó vớt ra rửa nước lạnh rồi thấm khô.</p><p style=\"font-size: 16px;\">Nghệ giã nhỏ lấy nước cốt. Ướp sản phẩm mới luộc với nước cốt nghệ, nước mắm trong 30 phút.</p><h3 style=\"width: 772.5px;font-size: 1.25em;\"><strong>NẤU NƯỚC DÙNG VÀ LUỘC CHÂN GIÒ:</strong></h3><p style=\"font-size: 16px;\">Nướng Hành khô và rửa sạch. Cho nước, xương lợn, xương gà, muối, đường phèn vào xoong và đun. Hớt bỏ bọt (nếu có). Sau đó cho hành khô nướng, Chân giò/ thịt chân giò/ sườn đã ướp vào, cho tiếp Đu Đủ xanh gọt bỏ vỏ vào ninh.</p><h3 style=\"width: 772.5px;font-size: 1.25em;\"><strong>SƠ CHẾ DỌC MÙNG GIÒN VÀ KHÔNG NGỨA</strong></h3><p style=\"font-size: 16px;\">Dọc mùng tước bỏ vỏ, thái vát, để khô ráo.</p><p style=\"font-size: 16px;\">Bắc nồi nước, cho 1 ít dấm và muối vào đun. Nước sôi bạn thả dọc mùng vào chần, để nhỏ lửa trong 5 phút thì tắt bếp, vớt Dọc Mùng ra thảo vào nước đá lạnh, sau đó vắt kiệt.</p><h3 style=\"width: 772.5px;font-size: 1.25em;\"><strong>LÀM VIÊN MỌC</strong></h3><p style=\"font-size: 16px;\">Ngâm Mộc Nhĩ, Nâm Hương cho nở, rửa sạch và vắt kiệt. Sơ chế Mộc Nhĩ và Nấm Hương sạch sẽ rồi thái sợi thật nhỏ.</p><p style=\"font-size: 16px;\">Băm đầu hành hoa, mộc nhĩ, nấm hương cùng thịt vai rồi trộn với Giò sống. Thêm 1 ít hạt tiêu và gia vị vào Mọc.</p><p style=\"font-size: 16px;\">Quét dầu ăn lên mặt giò, bọc kín lại rồi cho vào tủ lạnh.</p><p style=\"font-size: 16px;\">CÁCH LÀM GIÒ SỐNG:</p><ul style=\"font-size: 16px;\"><li>Thịt xay</li><li>Mỡ gáy</li><li>Nước mắm</li><li>Hạt tiêu</li><li>Đường</li><li>Bột năng/Bột Ngô/Tinh bột tàn mì.</li><li>Baking Powder</li><li>Nước đá lạnh.</li></ul><p style=\"font-size: 16px;\">Mỡ gáy thái hạt lựu trộn với thịt xay đem bỏ tủ lạnh khoảng 2 tiếng. Tới khi thịt xốp thì đem ra thái thành các miếng nhỏ và bỏ vào máy xay. Xay 10s lại ngừng rồi lại xay tiếp cho tới khi hơi nhuyễn thì xúc ra trộn với gia vị. Xay tiếp cho tới khi thịt chuyển màu hồng nhạt, dẻo quánh là được.</p><h3 style=\"width: 772.5px;font-size: 1.25em;\"><strong>NẤU MÓN BÚN BUNG CHÂN GIÒ DỌC MÙNG</strong></h3><p style=\"font-size: 16px;\">Băm nhỏ hành khô, phi hành băm cùng cà chua bổ múi cau sao cho cà chua còn nguyên miếng.</p><p style=\"font-size: 16px;\">Khi ninh sườn/chân giò đã mềm, tăng lửa lên để nước sối. Vê viên mọc vừa ăn thả vào nồi, tới khi mọc nổi lên là mọc đã chín.</p><p style=\"font-size: 16px;\">Tiếp đó bạn thả Cà Chua xào, Dọc Mùng vào. Nêm gia vị cho vừa ăn.</p><p style=\"font-size: 16px;\">Hành thái nhỏ, Mùi thái rối.</p><p style=\"font-size: 16px;\">Bạn chần bún nóng và vớt Mọc, Sườn/Thịt Chân Giò thái mỏng, Dọc Mùng, Hành, Mùi cho vào bát. Sau đó chan nước dùng vừa ăn.</p>','https://res.cloudinary.com/lancloudshop/image/upload/v1639901517/gua8gegddxsgki2qcwq3.jpg','Chuyện là hôm vừa rồi mình thèm ăn Bún Chân Giò Dọc Mùng quá. Món Bún Bung ở Hà Thành này ngon lắm nhé các bạn. Ấy vậy mà giãn cách xã hội các bạn ạ, chẳng quán nào mở cả. Mình đành phải lăn vào bếp. Ngặt nỗi mình làm vội thành ra cái Dọc Mùng nó hơi ngứa. Nghĩ cay cú, mình tra Google cách làm dọc mùng nhanh gọn lẹ cho món Bún Bung.  Nhờ chị Google, mình tìm được cách trừng trị cái ngứa ngáy của Dọc Mùng vừa nhanh lại hiệu quả. Mình có cái tính, đã nhận được 1 cái gì đó cũng phải đáp lễ lại. Nên tiện đây, Shop NongSanSach chia sẻ cho các bạn công thức nấu món này trả lễ cho chị Google.','Hướng dẫn cách nấu Bún Bung hay còn gọi là Bún Chân Giò Dọc Mùng','http://localhost:8080/vgreens/admin/post-management/3','5000','2021-12-19 18:00:35'),(4,'2021-12-19 15:11:58','<div style=\"text-align: center;\"><br/></div><div style=\"text-align: center;\"><br/></div><!--StartFragment--><p style=\"text-align: center;font-size: 16px;\">Hướng dẫn cách làm Nem chua Thanh Hóa chuẩn công thức người Thanh Hóa chia sẻ.</p><h2 style=\"width: 772.5px;font-size: 1.6em;text-align: center;\"><strong>CÔNG THỨC, CÁCH LÀM NEM CHUA THANH HÓA</strong></h2><p style=\"text-align: center;font-size: 16px;\">Nem chua Thanh Hóa là món ăn được nhiều người yêu thích.</p><div class=\"blog-share text-center\" style=\"text-align: center;font-size: 16px;\"><!--EndFragment--><br/></div><div style=\"text-align: center;\"><br/></div>','https://res.cloudinary.com/lancloudshop/image/upload/v1639901615/ocsrygrjgfgov4ivecm0.jpg','Hướng dẫn cách làm Nem chua Thanh Hóa chuẩn công thức người Thanh Hóa chia sẻ.  CÔNG THỨC, CÁCH LÀM NEM CHUA THANH HÓA Nem chua Thanh Hóa là món ăn được nhiều người yêu thích.','Hướng dẫn cách làm nem chua Thanh Hóa công thức chuẩn','http://localhost:8080/vgreens/admin/post-management/4','123',NULL),(5,'2021-12-19 18:14:54','<p><strong style=\"text-align: justify;\">Là nguyên liệu không thể thiếu, hương vị của cà đắng đã trở thành phần quan trọng trong văn hóa ẩm thực của người Êđê và là nét biểu trưng độc đáo cho tính cách bộc trực, hào sảng của người dân Tây nguyên.</strong><br/></p><blockquote><blockquote><blockquote><figure id=\"attachment_2760\" class=\"wp-caption aligncenter\" style=\"text-align: right;font-size: 16px;width: 665px;\"><a href=\"https://shopnongsansach.com/wp-content/uploads/ca-dang-ede.jpg\" style=\"background-color: transparent;\"><img class=\"size-full wp-image-2760\" src=\"https://shopnongsansach.com/wp-content/uploads/ca-dang-ede.jpg\" alt=\"Cà đắng vừa hái trên rẫy\" width=\"665\" height=\"372\" style=\"vertical-align: middle;height: 301px;width: 444px;\"/></a></figure><figure id=\"attachment_2760\" class=\"wp-caption aligncenter\" style=\"text-align: left;font-size: 16px;width: 665px;\"><i style=\"font-size: 0.9em;text-align: center;\">                                                                                                       Cà đắng vừa hái trên rẫy</i></figure></blockquote></blockquote></blockquote><p style=\"font-size: 16px;text-align: justify;\">Ẩm thực Êđê là một phần của văn hóa Tây nguyên và trở thành một trong những yếu tố thu hút khách du lịch. Đó là sự hòa trộn tinh tế của thảo dược, gia vị và thực phẩm tươi sống với những phong cách nấu nướng đặc biệt. Mỗi món ăn hay cả bữa ăn đều có sự phối trộn tinh tế giữa vị cay, chua và đắng.</p><p style=\"font-size: 16px;text-align: justify;\">Có lẽ do người Êđê quen sống chan hòa với thiên nhiên, cùng nóng cùng lạnh với đất trời nên vị cay và đắng là lựa chọn từ ngàn xưa để con người thích nghi với môi trường sống.</p><p style=\"font-size: 16px;text-align: justify;\">Ớt là gia vị không thể thiếu trong bất kể món ăn nào của người Ê đê: các món ăn sống chấm muối ớt, các món giã với muối ớt, các món luộc chấm muối ớt, canh cũng nêm muối ớt.</p><p style=\"font-size: 16px;text-align: justify;\">Còn quả cây cà đắng được dùng để chế biến nhiều món ăn như cà đắng giã, cà đắng kho cá khô, cá đắng nấu với lươn, ếch… Theo người Êđê, vị cay và đắng làm cho món ăn ngon, đồng thời có tác dụng tăng cường sức đề kháng, chống lại bệnh tật.</p><blockquote style=\"font-size: 1.2em;\"><i></i><p style=\"text-align: justify;\">Cà đắng là loại cây rừng, mọc ở chân núi, sườn đồi hoặc trong nương rẫy như cây cỏ. Thân và lá có gai nhỏ, hoa màu tím, quả nhỏ hình tròn có vị đắng. Về sau người Êđê và cả người Kinh mang cây cà đắng về vườn nhà trồng như một loại cây thực phẩm.</p><p style=\"text-align: justify;\">So với cây trồng ở vườn nhà, cà đắng mọc hoang trên rừng có quả nhỏ hơn, vị đắng đậm hơn.</p></blockquote><blockquote><blockquote><blockquote><figure id=\"attachment_2761\" class=\"wp-caption aligncenter\" style=\"text-align: right;font-size: 16px;width: 665px;\"><a href=\"https://shopnongsansach.com/wp-content/uploads/cay-ca-dang-tren-ray-1477473069.jpg\" style=\"background-color: transparent;\"><img class=\"size-full wp-image-2761\" src=\"https://shopnongsansach.com/wp-content/uploads/cay-ca-dang-tren-ray-1477473069.jpg\" alt=\"Cây cà đắng mọc bên bờ rào\" width=\"665\" height=\"448\" style=\"vertical-align: middle;height: 233px;width: 372px;\"/></a></figure></blockquote></blockquote></blockquote><blockquote><blockquote><blockquote><figure id=\"attachment_2761\" class=\"wp-caption aligncenter\" style=\"font-size: 16px;width: 665px;\"><figcaption id=\"caption-attachment-2761\" class=\"wp-caption-text\" style=\"text-align: center;font-size: 0.9em;\"><i>                                                                               Cây cà đắng mọc bên bờ rào</i></figcaption></figure></blockquote></blockquote></blockquote><p style=\"font-size: 16px;text-align: justify;\">Cách chế biến cà đắng rất đa dạng, có thể muối, nướng hoặc nấu với các loại thủy sản, thịt… Nếu cà đắng muối là món ăn đơn giản với vị cay xé lưỡi của ớt giã nát thì khi nướng lại có vị thơm ngon đặc biệt.</p><p style=\"font-size: 16px;text-align: justify;\">Lúc đầu, vị đắng của cà có thể làm bạn khó chịu, nhưng bù lại, hương thơm, và vị bùi lại có sức níu kéo vị giác rất mạnh. Dần dần, bạn sẽ cảm nhận được vị ngọt còn dư đọng lại nơi đầu lưỡi của món ăn này.</p><p style=\"font-size: 16px;text-align: justify;\">Có nhiều món ăn được người Êđê làm từ quả cà đắng như cà đắng phơi khô dùng để nấu nhiều món ăn trong mùa khô như cà đắng nấu xương đầu heo, nấm mèo và đậu đen.</p><p style=\"font-size: 16px;text-align: justify;\">Món ăn này có hương vị đặc biệt là sự pha trộn giữa thơm giòn của nấm mèo mang hơi ẩm núi rừng, ngọt bùi của đậu đen, vị béo thơm của thịt heo cùng vị cà đắng phơi qua nắng, tất cả mang đặc trưng của đại ngàn cao nguyên hòa vào hồn người.</p><p style=\"font-size: 16px;text-align: justify;\">Cà đắng giã là món ăn tươi trộn gia vị và người Êđê nào cũng ăn được món này. Nó rất thơm ngon, có vị cay của ớt, vị chua của chanh và mùi thơm rất đặc biệt.</p><p style=\"font-size: 16px;text-align: justify;\">Cách làm cà đắng giã rất đơn giản và nhanh. Chỉ cần có vài trái cà đắng, cắt ra từng miếng nhỏ, một trái cà chua rừng, một miếng chanh và rau ngò gai, ớt rồi cho các thứ đã rửa sạch vô một cái ống nứa và giã.</p><p style=\"font-size: 16px;text-align: justify;\">Để có mùi thơm đặc biệt, bà con bỏ thêm lá “ắc”, loại lá quan trọng nhất để tạo nên mùi thơm ngon cho món cà đắng giã. Cà đắng giã có thể ăn với cơm. Chút cay cay, chua chua tạo nên đặc trưng.</p><blockquote><blockquote><blockquote><blockquote><blockquote><blockquote><blockquote><figure id=\"attachment_2762\" class=\"wp-caption aligncenter\" style=\"text-align: right;font-size: 16px;width: 665px;\">   <a href=\"https://shopnongsansach.com/wp-content/uploads/xa-dang-gia-1477571665.jpg\" style=\"background-color: transparent;\"><img class=\"size-full wp-image-2762\" src=\"https://shopnongsansach.com/wp-content/uploads/xa-dang-gia-1477571665.jpg\" alt=\"Cà đắng giã\" width=\"665\" height=\"455\" style=\"vertical-align: middle;height: 297px;width: 394px;\"/></a></figure></blockquote></blockquote></blockquote></blockquote></blockquote></blockquote></blockquote><blockquote><blockquote><blockquote><blockquote><blockquote><blockquote><blockquote><blockquote><blockquote><blockquote><figure id=\"attachment_2762\" class=\"wp-caption aligncenter\" style=\"font-size: 16px;width: 665px;\"><figcaption id=\"caption-attachment-2762\" class=\"wp-caption-text\" style=\"text-align: center;font-size: 0.9em;\"><i>Cà đắng giã</i><a href=\"https://shopnongsansach.com/wp-content/uploads/1b-1477571637.jpg\" style=\"font-size: 16px;text-align: left;\"><img class=\"size-full wp-image-2763\" src=\"https://shopnongsansach.com/wp-content/uploads/1b-1477571637.jpg\" alt=\"Cà đắng luộc\" width=\"665\" height=\"422\"/></a></figcaption></figure></blockquote></blockquote></blockquote></blockquote></blockquote></blockquote></blockquote></blockquote></blockquote></blockquote><blockquote><blockquote><blockquote><blockquote><blockquote><blockquote><blockquote><figure id=\"attachment_2763\" class=\"wp-caption aligncenter\" style=\"font-size: 16px;width: 665px;\"><figcaption id=\"caption-attachment-2763\" class=\"wp-caption-text\" style=\"text-align: center;font-size: 0.9em;\"><i>Cà đắng luộc</i></figcaption></figure></blockquote></blockquote></blockquote></blockquote></blockquote></blockquote></blockquote><p style=\"font-size: 16px;text-align: justify;\">Với cà đắng um với ếch, lươn thì loại gia vị không thể thiếu để tạo nên mùi vị độc đáo của các món từ cà đắng là ớt, lá é (lá quế xanh), lá và củ nén (gần giống lá hẹ).</p><p style=\"font-size: 16px;text-align: justify;\">Để làm món lươn ếch um cà đắng phải chẻ dọc trái cà làm tư, rửa sạch. Lươn ếch làm sạch, cắt nhỏ ướp gia vị thật thấm, với các món từ lươn ếch cần có vài củ nén sẽ thơm hơn. Trộn lươn ếch với cà đắng vào nồi nhỏ đặt lên bếp nhỏ lửa.</p><p style=\"font-size: 16px;text-align: justify;\">Trước khi ăn cho thêm lá é, củ nén vào. Thường người ta chờ cho cà chín rồi tán cà nhuyễn ra. Như vậy khi ăn sẽ cảm nhận được sự mịn màng béo ngọt của lươn trong chút đắng rất riêng của loại cà này.</p><p style=\"font-size: 16px;text-align: justify;\">Vị đắng của cà như mang tinh hoa của nắng gió cao nguyên, của màu mỡ đất đỏ bazan hòa vào hương vị đậm đà phù sa ruộng đồng vừa béo ngọt vừa dai của thịt lươn, thịt ếch.</p><p style=\"font-size: 16px;text-align: justify;\">Có lẽ ngon nhất, độc đáo nhất vẫn là món canh cà đắng nấu với nội tạng bò và phèo bò (tiếng Êđê là wêc êmô).</p><p style=\"font-size: 16px;text-align: justify;\">Món ăn này hấp dẫn bởi vị đắng của cà đắng kết hợp với vị ngọt của nội tạng, mùi thơm của phèo bò và vị cay xé lưỡi của ớt, sự đậm đà, thơm lừng của lá é và củ nén. Tất cả tạo nên hương vị rất lạ, rất riêng của núi rừng.</p><p style=\"font-size: 16px;text-align: justify;\">Người Êđê chế biến món canh cà đắng rất dân dã và đơn giản. Cà đắng cắt đôi hoặc bốn, ngâm nước muối pha loãng, đợi canh sôi mới cho vào. Sau khi cà chín, cho thịt và phèo bò vào cho đến khi thịt nhừ.</p><p style=\"font-size: 16px;text-align: justify;\">Cũng có thể cho các loại rau rừng vào trong canh tạo ra hương vị rất lạ mà vẫn thơm ngon, hấp dẫn người thưởng thức. Sau khi đã nhấc nồi canh ra, tán nhuyễn cà, rồi bỏ thêm lá é, lá và củ nén, thế là có một nồi canh cà đắng nấu với thịt, phèo bò thơm lừng.</p><blockquote><blockquote><blockquote><p style=\"text-align: center;font-size: 16px;\"><a href=\"https://shopnongsansach.com/wp-content/uploads/ech-um-ca-dang-jpg-1477571709.jpg\" style=\"text-align: left;\"><img class=\"size-full wp-image-2764\" src=\"https://shopnongsansach.com/wp-content/uploads/ech-um-ca-dang-jpg-1477571709.jpg\" alt=\"Ếch um cà đắng\" width=\"665\" height=\"391\" style=\"height: 255px;width: 312px;\"/></a></p></blockquote></blockquote></blockquote><blockquote><blockquote><blockquote><blockquote><blockquote><blockquote><blockquote><blockquote><blockquote><blockquote><p style=\"font-size: 16px;text-align: justify;\"><i style=\"font-size: 0.9em;text-align: center;\">                                                                                                                   Ếch um cà đắng</i></p></blockquote></blockquote></blockquote></blockquote></blockquote></blockquote></blockquote></blockquote></blockquote></blockquote><blockquote><blockquote><blockquote><blockquote><blockquote><blockquote><blockquote><figure id=\"attachment_2765\" class=\"wp-caption aligncenter\" style=\"text-align: center;font-size: 16px;width: 665px;\">                                                              <a href=\"https://shopnongsansach.com/wp-content/uploads/1d-1477571731.jpg\" style=\"background-color: transparent;\"><img class=\"size-full wp-image-2765\" src=\"https://shopnongsansach.com/wp-content/uploads/1d-1477571731.jpg\" alt=\"Cà đắng xào với rau rừng\" width=\"665\" height=\"426\" style=\"vertical-align: middle;height: 281px;width: 328px;\"/></a></figure></blockquote></blockquote></blockquote></blockquote></blockquote></blockquote></blockquote><blockquote><blockquote><blockquote><blockquote><blockquote><figure id=\"attachment_2765\" class=\"wp-caption aligncenter\" style=\"font-size: 16px;width: 665px;\"><figcaption id=\"caption-attachment-2765\" class=\"wp-caption-text\" style=\"text-align: center;font-size: 0.9em;\"><i>                                                                       Cà đắng xào với rau rừng</i></figcaption></figure></blockquote></blockquote></blockquote></blockquote></blockquote><p style=\"font-size: 16px;text-align: justify;\">Món cà đắng kho với cá khô thì có hương vị đặc biệt của núi rừng Tây nguyên. Cá khô (hoặc cá hấp, thịt gà) được nấu qua cho thịt săn lại rồi mới nấu với cà đắng, ngọn bí (hoặc ngọn mướp), đậu ván, ớt, lá é.</p><p style=\"font-size: 16px;text-align: justify;\">Khi nấu chín, vớt cà đắng, ngọn bí (hoặc ngọn mướp), đậu ván, ớt ra tán nhuyễn rồi cho vào nấu tiếp.</p><p style=\"font-size: 16px;text-align: justify;\">Ăn món này sẽ cảm nhận trong vị đắng của cà, cay của ớt có chút ngọt bùi của đậu ván, ngọt thanh của ngọn bí và vị béo dai của cá (hoặc thịt gà), cảm giác như đang thu vào hồn mình cả bao la đại ngàn lồng lộng nắng gió.</p><p style=\"font-size: 16px;text-align: justify;\">Có một món ăn mà du khách đến Đắk Lắk ưa chuộng là lẩu cá lóc nấu măng rừng, khổ qua rừng xắt lát mỏng nấu với cá hoặc ăn sống. Khi ăn lẩu cá lóc, ngoài các loại rau cũng có quả cà đắng để thêm vào chút hương vị đặc biệt của núi rừng.</p><p style=\"font-size: 16px;text-align: justify;\">Tương tự, món lá mì (sắn) nấu với bông đu đủ có vị đắng ngọt, nhiều người cho thêm cà đắng vào để vị đắng đậm hơn.</p><blockquote style=\"font-size: 1.2em;\"><i></i><p style=\"text-align: justify;\">Ngày nay người Êđê sử dụng nhiều dụng cụ bếp núc hiện đại và các loại gia vị như người Kinh nhưng cà đắng vẫn là nguyên liệu ẩm thực không thể thiếu trong cuộc sống.</p><p style=\"text-align: justify;\">Vị đắng của loại cây này đã trở thành phần quan trọng trong văn hóa ẩm thực của người Êđê. Nó mang nét đặc trưng của cuộc sống nơi núi rừng vừa là nét biểu trưng độc đáo cho tính cách bộc trực hào sảng, trung thực, hiền hòa của người Êđê.</p><p style=\"text-align: justify;\">Các món ăn từ cây cà đắng cũng đã xuống phố, đi vào thực đơn của nhiều nhà hàng, quán xá và đã trở thành món ăn khoái khẩu của người Kinh và du khách nói chung.</p></blockquote><p style=\"font-size: 16px;text-align: right;\">Theo <em>Tuổi trẻ Online</em></p><p></p>','https://res.cloudinary.com/lancloudshop/image/upload/v1639901734/oduw17u3az5fe344apqc.jpg','Là nguyên liệu không thể thiếu, hương vị của cà đắng đã trở thành phần quan trọng trong văn hóa ẩm thực của người Êđê và là nét biểu trưng độc đáo cho tính cách bộc trực, hào sảng của người dân Tây nguyên.','Ăn cà đắng mới hiểu lòng người Êđê','http://localhost:8080/vgreens/admin/post-management/5','155555','2021-12-19 18:14:54'),(6,'2021-12-19 15:15:34','<p><br/></p><p><br/></p><!--StartFragment--><p style=\"font-size: 16px;text-align: justify;\"><strong>Mùa cá cơm bắt đầu vào tháng 2 và kết thúc vào tháng 9. Cá vốn là món ăn lành, giá không cao và dễ chế biến thành nhiều món ngon nên được nhiều người thích.</strong></p><blockquote><blockquote><blockquote><blockquote><figure id=\"attachment_2770\" class=\"wp-caption aligncenter\" style=\"font-size: 16px;width: 665px;\"><a href=\"https://shopnongsansach.com/wp-content/uploads/ca-com-kho-dung-quen-chao-trang.jpg\" style=\"background-color: transparent;\"><img class=\"size-full wp-image-2770\" src=\"https://shopnongsansach.com/wp-content/uploads/ca-com-kho-dung-quen-chao-trang.jpg\" alt=\"Cá cơm kho ăn với cháo trắng\" width=\"665\" height=\"498\" style=\"vertical-align: middle;\"/></a></figure></blockquote></blockquote></blockquote></blockquote><figure id=\"attachment_2770\" class=\"wp-caption aligncenter\" style=\"font-size: 16px;width: 665px;\"><figcaption id=\"caption-attachment-2770\" class=\"wp-caption-text\" style=\"text-align: center;font-size: 0.9em;\"><i>.Cá cơm kho ăn với cháo trắng</i></figcaption></figure><p style=\"font-size: 16px;text-align: justify;\">Cá cơm có nhiều loại: cá cơm trổng, cá cơm săng, cá cơm than, cá cơm mồm… Cá cơm loại nào cũng có thể nấu canh được, nhưng nấu với rau củ gì cho phù hợp mới là điều đáng nói…</p><p style=\"font-size: 16px;text-align: justify;\">Giả như cá cơm mồm (có nơi gọi là cá cơm mờm) nấu với dưa hồng vừa đúng điệu, vừa có tác dụng giải nhiệt giữa lúc trời oi bức. Cá cơm trổng nấu với khế chua mới đặc sắc chứ! Và cá cơm săng hay cá cơm than nhất thiết phải nấu với lá giang rồi.</p><p style=\"font-size: 16px;text-align: justify;\">Trong tất cả các loại cá cơm, ngon nhất là cá cơm than rồi đến cá cơm săng. Vì vậy để có được chảo cá cơm kho vừa ý, tôi thường chọn một trong hai loại này.</p><p style=\"font-size: 16px;text-align: justify;\">Lựa cá thật tươi về rửa sạch trộn đều với chút muối. Sau đó ướp cá với mắm, nước màu, tiêu, hành, đường, ớt trong một giờ. Rưới dầu và hành đã phi thơm vô chảo cá luôn được thực hiện sau cùng. Bắt buộc phải kho cá bằng lửa liu riu, không đổ thêm nước mà dùng chính nước đã ướp để kho. Có thế cá mới thấm và săn cứng.</p><p style=\"font-size: 16px;text-align: justify;\">Có chảo cá cơm kho rồi mà không có xoong cháo trắng, thấy thiếu thiếu sao đâu. Vậy là chồng nhắc vợ, má chồng nhắc nàng dâu, con nhắc mẹ. Có cá mắc gì thiếu cháo? Và sau những bữa sáng gặm bánh mì, ăn tô bún, đĩa bánh hỏi, gói xôi, có được chén cháo trắng ăn cùng cá cơm kho mới giá trị làm sao!</p><p style=\"font-size: 16px;text-align: justify;\">Cá kho và cháo trắng cùng song hành và hòa hợp tạo sự lôi cuốn rất riêng. Món ngon dân dã này giúp bữa ăn sáng ở nhà giản đơn mà đậm đà, khó quên. Tôi biết được nhiều phụ nữ đã giữ chân chồng con trong tổ ấm gia đình bằng các bữa ăn sáng dân dã như thế. ..</p><p style=\"font-size: 16px;text-align: right;\">Theo <em>Tuổi trẻ Online</em></p><!--EndFragment--><p><br/></p><p><br/></p>','https://res.cloudinary.com/lancloudshop/image/upload/v1639901932/mbbvbkbyek3wvy85jt9k.jpg','Mùa cá cơm bắt đầu vào tháng 2 và kết thúc vào tháng 9. Cá vốn là món ăn lành, giá không cao và dễ chế biến thành nhiều món ngon nên được nhiều người thích.','Cá cơm kho, đừng quên cháo trắng','http://localhost:8080/vgreens/admin/post-management/6','789',NULL),(7,'2021-12-19 15:18:52','<p><br/></p><p><br/></p><!--StartFragment--><p style=\"font-size: 16px;text-align: justify;\"><strong>Chuối sứ, rau ngót, rau lang, rong biển, hoa chuối… lành mạnh lợi sữa cho phụ nữ đang cho con bú.</strong></p><p style=\"font-size: 16px;text-align: justify;\">Theo bác sĩ chuyên khoa 1 Trần Thị Minh Nguyệt, một trong những vấn đề khiến các sản phụ quan tâm hàng đầu là sữa mẹ. Để tạo dòng sữa nhiều và chất lượng, bác sĩ khuyên người mẹ nên ăn uống hợp lý và đa dạng thực phẩm để cung cấp đủ chất cho sự phục hồi cơ thể mẹ sau sinh, đồng thời tốt cho sức khỏe và sự phát triển của con.</p><p style=\"font-size: 16px;text-align: justify;\">Bác sĩ gợi ý một số loại thực phẩm “ngon, bổ, rẻ” vừa cung cấp năng lượng, hồi phục sức khỏe cho người mẹ vừa lợi sữa cho con bú như sau:</p><h3 style=\"width: 772.5px;font-size: 1.25em;text-align: justify;\"><strong>Chuối sứ</strong></h3><p style=\"font-size: 16px;text-align: justify;\">Chuối sứ vỏ hơi sần, quả tròn, to hơn các loại chuối khác. Nghiên cứu cho thấy loại trái cây này rất giàu dinh dưỡng. Không chỉ thịt chuối thơm ngon mà lớp vỏ mỏng sát thịt chuối cũng có tác dụng giúp sản phụ tăng lưu lượng sữa.</p><h3 style=\"width: 772.5px;font-size: 1.25em;text-align: justify;\"><strong>Rau ngót</strong></h3><p style=\"font-size: 16px;text-align: justify;\">Rau ngót chứa nhiều vitamin và các khoáng chất cần thiết cho cơ thể. Đây là một loại thực phẩm lành tính và tốt cho phụ nữ sau sinh. Ăn rau này thường xuyên giúp nhanh phục hồi sức khỏe, chống táo bón, giải nhiệt cơ thể, giảm nguy cơ viêm nhiễm sau sinh, giúp tử cung co thắt để nhanh chóng đẩy hết sản dịch ra ngoài. Đặc biệt rau ngót còn có công dụng thông tắc tia sữa, giúp sữa mẹ về nhiều và đều hơn.</p><blockquote><blockquote><blockquote><blockquote><blockquote><figure id=\"attachment_2822\" class=\"wp-caption aligncenter\" style=\"font-size: 16px;width: 499px;\"><a href=\"https://shopnongsansach.com/wp-content/uploads/rau-ngot.png\" style=\"background-color: transparent;\"><img class=\"wp-image-2822 size-full\" src=\"https://shopnongsansach.com/wp-content/uploads/rau-ngot.png\" alt=\"Rau ngót\" width=\"499\" height=\"330\" style=\"vertical-align: middle;\"/></a></figure></blockquote></blockquote></blockquote></blockquote></blockquote><blockquote><blockquote><blockquote><blockquote><blockquote><figure id=\"attachment_2822\" class=\"wp-caption aligncenter\" style=\"font-size: 16px;width: 499px;\"><figcaption id=\"caption-attachment-2822\" class=\"wp-caption-text\" style=\"text-align: center;font-size: 0.9em;\"><i>Rau ngót</i></figcaption></figure></blockquote></blockquote></blockquote></blockquote></blockquote><h3 style=\"width: 772.5px;font-size: 1.25em;text-align: justify;\"><strong>Rau lang</strong></h3><p style=\"font-size: 16px;text-align: justify;\">Không chỉ có tác dụng nhuận tràng, rau lang còn lợi sữa cho sản phụ sau sinh. Rau này khá lành tính nên có thể xào, nấu canh hay luộc ăn hàng ngày đều tốt.</p><h3 style=\"width: 772.5px;font-size: 1.25em;text-align: justify;\"><strong>Rong biển</strong></h3><p style=\"font-size: 16px;text-align: justify;\">Rong biển chứa nhiều đạm, khoáng chất, sắt, các yếu tố vi lượng cùng nhiều vitamin có lợi cho sức khỏe. Từ xưa đến nay, rong biển được dùng như một loại thực phẩm bổ máu, bồi bổ cơ thể rất tốt cho người già, người mới ốm dậy. Đặc biệt phụ nữ sau sinh dùng rong biển nấu canh ăn thường xuyên sẽ giúp phục hồi sức khỏe, chống mệt mỏi và rất lợi sữa.</p><h3 style=\"width: 772.5px;font-size: 1.25em;text-align: justify;\"><strong>Hoa chuối</strong></h3><p style=\"font-size: 16px;text-align: justify;\">Dân gian dùng hoa chuối hầm với móng giò như một bài thuốc lợi sữa cho mẹ sau sinh. Ngoài ra có thể dùng hoa chuối nấu canh, trộn nộm đều có tác dụng tương tự.</p><blockquote><blockquote><blockquote><blockquote><blockquote><figure id=\"attachment_2823\" class=\"wp-caption aligncenter\" style=\"font-size: 16px;width: 486px;\"><a href=\"https://shopnongsansach.com/wp-content/uploads/rau-chuoi-hoa-chuoi.png\" style=\"background-color: transparent;\"><img class=\"size-full wp-image-2823\" src=\"https://shopnongsansach.com/wp-content/uploads/rau-chuoi-hoa-chuoi.png\" alt=\"Hoa Chuối hay Rau chuối\" width=\"486\" height=\"324\" style=\"vertical-align: middle;\"/></a></figure></blockquote></blockquote></blockquote></blockquote></blockquote><blockquote><blockquote><blockquote><blockquote><blockquote><figure id=\"attachment_2823\" class=\"wp-caption aligncenter\" style=\"font-size: 16px;width: 486px;\"><figcaption id=\"caption-attachment-2823\" class=\"wp-caption-text\" style=\"text-align: center;font-size: 0.9em;\"><i>Hoa Chuối hay Rau chuối</i></figcaption></figure></blockquote></blockquote></blockquote></blockquote></blockquote><h3 style=\"width: 772.5px;font-size: 1.25em;text-align: justify;\"><strong>Đu đủ</strong></h3><p style=\"font-size: 16px;text-align: justify;\">Đu đủ là loại trái cây giàu giá trị dinh dưỡng gồm protein, chất xơ cùng nhiều loại vitamin nhóm A, B, C, D, E. Có thể chế biến món đu đủ non hầm móng giò hay nấu với cá chép vừa dễ ăn vừa lợi sữa.</p><h3 style=\"width: 772.5px;font-size: 1.25em;text-align: justify;\"><strong>Nước</strong></h3><p style=\"font-size: 16px;text-align: justify;\">Trong thời gian cho con bú, để đảm bảo nguồn năng lượng trong cơ thể và lượng sữa tiết ra đều đặn, sản phụ cần uống đủ 2 lít nước mỗi ngày. Đừng đợi đến lúc khát khô mới bắt đầu uống bởi khi đó bạn đã bị mất nước.</p><p style=\"font-size: 16px;text-align: justify;\">Sản phụ có thể kiểm tra xem cơ thể mình đã “nạp” đầy đủ nước chưa bằng cách theo dõi màu nước tiểu. Nước tiểu có màu vàng đậm là đang thiếu nước trầm trọng. Nếu không thích uống nước lọc, có thể dùng thêm nước trái cây, sinh tố… Lưu ý, hạn chế sử dụng nhiều các đồ uống có chứa caffeine như cà phê hoặc trà (nên hấp thu dưới 300 mg mỗi ngày). Caffeine lẫn trong sữa mẹ có thể khiến trẻ nhỏ trở nên cáu kỉnh, kích động và khó ngủ.</p><div class=\"blog-share text-center\" style=\"text-align: center;font-size: 16px;\"><!--EndFragment--><br/></div><p><br/></p>','https://res.cloudinary.com/lancloudshop/image/upload/v1639902025/welmskkqlcnixqteubr8.png','Chuối sứ, rau ngót, rau lang, rong biển, hoa chuối… lành mạnh lợi sữa cho phụ nữ đang cho con bú.','Những thực phẩm ‘ngon, bổ, rẻ’ giúp mẹ có dòng sữa mát lành','http://localhost:8080/vgreens/admin/post-management/7','936541',NULL),(8,'2021-12-19 15:20:25','<p><br/></p><p><br/></p><!--StartFragment--><blockquote><blockquote><header class=\"entry-header\"><div class=\"entry-image relative\"><a href=\"https://shopnongsansach.com/mon-ngon-moi-ngay/nhung-mon-ngon-du-chat-giup-tre-hay-an-chong-lon.html\" style=\"background-color: transparent;\"><img width=\"500\" height=\"422\" src=\"https://shopnongsansach.com/wp-content/uploads/monngontrenho-canh-bi-do-nau-suon.jpg\" class=\"attachment-large size-large wp-post-image\" alt=\"Canh bí đỏ nấu sườn\" style=\"vertical-align: middle;width: 772.5px;\"/></a></div></header></blockquote></blockquote><header class=\"entry-header\"><div class=\"entry-image relative\"><div class=\"badge absolute top post-date badge-outline\" style=\"height: 2.8em;width: 2.8em;\"><div class=\"badge-inner\" style=\"vertical-align: middle;text-align: center;width: 44.7969px;height: 44.7969px;\"><strong style=\"font-size: 16px;text-align: justify;\"><br/></strong></div><div class=\"badge-inner\" style=\"vertical-align: middle;text-align: center;width: 44.7969px;height: 44.7969px;\"><strong style=\"font-size: 16px;text-align: justify;\">Canh cải nấu thịt, sườn ram, canh bí đỏ nấu sườn dễ chế biến mà đầy đủ dinh dưỡng cho trẻ.</strong><br/></div></div></div></header><div class=\"entry-content single-page\"><p style=\"font-size: 16px;text-align: justify;\">Theo kỹ sư dinh dưỡng Trương Thị Nhàn, ăn đủ 4 nhóm thực phẩm trong khẩu phần là điều cần thiết ảnh hưởng đến sự phát triển toàn diện của trẻ. Phụ huynh có thể tham khảo một số món ăn tốt cho bé như sau:</p><h3 style=\"width: 772.5px;font-size: 1.25em;text-align: justify;\"><strong>Canh bí đỏ nấu sườn</strong></h3><p style=\"font-size: 16px;text-align: justify;\"><strong>Nguyên liệu:</strong></p><p style=\"font-size: 16px;text-align: justify;\">– Bí đỏ 500 g. – Sườn heo 300 g. – Hành lá, ngò, dầu, đường, nước mắm, muối… mỗi thứ một ít.</p></div><blockquote><blockquote><blockquote><blockquote><blockquote><div class=\"entry-content single-page\"><figure id=\"attachment_2817\" class=\"wp-caption aligncenter\" style=\"font-size: 16px;width: 500px;\"><a href=\"https://shopnongsansach.com/wp-content/uploads/monngontrenho-canh-bi-do-nau-suon.jpg\" style=\"background-color: transparent;\"><img class=\"size-full wp-image-2817\" src=\"https://shopnongsansach.com/wp-content/uploads/monngontrenho-canh-bi-do-nau-suon.jpg\" alt=\"Canh bí đỏ nấu sườn\" width=\"500\" height=\"422\" style=\"vertical-align: middle;\"/></a></figure></div></blockquote></blockquote></blockquote></blockquote></blockquote><blockquote><blockquote><blockquote><blockquote><blockquote><div class=\"entry-content single-page\"><figure id=\"attachment_2817\" class=\"wp-caption aligncenter\" style=\"font-size: 16px;width: 500px;\"><figcaption id=\"caption-attachment-2817\" class=\"wp-caption-text\" style=\"text-align: center;font-size: 0.9em;\"><i>Canh bí đỏ nấu sườn</i></figcaption></figure></div></blockquote></blockquote></blockquote></blockquote></blockquote><div class=\"entry-content single-page\"><p style=\"font-size: 16px;text-align: justify;\"><strong>Cách làm:</strong></p><p style=\"font-size: 16px;text-align: justify;\">– Bí đỏ gọt vỏ, bỏ hột, xắt miếng vuông vừa ăn. Ướp bí với 2 muỗng cà phê đường và chút muối. – Sườn heo rửa sạch, chặt khúc ngắn. – Hành lá, ngò lặt rửa sạch, xắt nhỏ. – Bắc nồi lên bếp, cho nước đủ dùng vào đun. Nước sôi cho sườn vào nấu. Nhớ vớt bọt trong quá trình đun. – Sườn gần mềm cho bí đỏ đã ướp vào nấu chín, nêm lại vừa ăn rồi nhắc xuống. – Múc canh ra tô, rắc hành, ngò lên trên.</p><h3 style=\"width: 772.5px;font-size: 1.25em;text-align: justify;\"><strong>Canh cải dún thịt</strong></h3><p style=\"font-size: 16px;text-align: justify;\"><strong>Nguyên liệu:</strong></p><p style=\"font-size: 16px;text-align: justify;\">– Cải dún 800 g. – Thịt nạc 100 g – Hành lá, tỏi, dầu, đường, muối, nước mắm… mỗi thứ một ít.</p></div><blockquote><blockquote><blockquote><blockquote><blockquote><div class=\"entry-content single-page\"><figure id=\"attachment_2818\" class=\"wp-caption aligncenter\" style=\"font-size: 16px;width: 500px;\"><a href=\"https://shopnongsansach.com/wp-content/uploads/monngontrenho2-canh-cai-dun-thit.jpg\" style=\"background-color: transparent;\"><img class=\"size-full wp-image-2818\" src=\"https://shopnongsansach.com/wp-content/uploads/monngontrenho2-canh-cai-dun-thit.jpg\" alt=\"Canh cải dún thịt.\" width=\"500\" height=\"315\" style=\"vertical-align: middle;\"/></a></figure></div></blockquote></blockquote></blockquote></blockquote></blockquote><blockquote><blockquote><blockquote><blockquote><blockquote><div class=\"entry-content single-page\"><figure id=\"attachment_2818\" class=\"wp-caption aligncenter\" style=\"font-size: 16px;width: 500px;\"><figcaption id=\"caption-attachment-2818\" class=\"wp-caption-text\" style=\"text-align: center;font-size: 0.9em;\"><i>Canh cải dún thịt.</i></figcaption></figure></div></blockquote></blockquote></blockquote></blockquote></blockquote><div class=\"entry-content single-page\"><p style=\"font-size: 16px;text-align: justify;\"><strong>Cách làm:</strong></p><p style=\"font-size: 16px;text-align: justify;\">– Cải dún rửa sạch từng bẹ, cắt khúc ngắn. – Hành lá lặt rửa sạch, đầu hành để riêng, lá cắt nhỏ. – Thịt rửa sạch băm nhỏ với đầu hành lá, ướp chút nước mắm, tiêu… – Bắc nồi lên bếp, phi tỏi thơm. Trút thịt vào xào qua, sau đó đổ thêm nước đủ dùng. – Nước sôi vớt bọt, cho cải vào nấu. Khi rau và thịt mềm nêm vừa ăn, rắc thêm ít hành rồi nhắc xuống. – Múc canh ra tô, chú ý vớt thịt để lên trên cho đẹp mắt.</p><h3 style=\"width: 772.5px;font-size: 1.25em;text-align: justify;\"><strong>Sườn ram</strong></h3><p style=\"font-size: 16px;text-align: justify;\">Nguyên liệu:</p><p style=\"font-size: 16px;text-align: justify;\">– Sườn heo non 500 g. – Củ hành tím: một muổng canh. – Tỏi băm: một muỗng canh. – Dầu, đường, muối, nước mắm… mỗi thứ một ít.</p></div><blockquote><blockquote><blockquote><blockquote><blockquote><blockquote><div class=\"entry-content single-page\"><figure id=\"attachment_2819\" class=\"wp-caption aligncenter\" style=\"font-size: 16px;width: 450px;\"><a href=\"https://shopnongsansach.com/wp-content/uploads/monngontrenho1-suon-ram.jpg\" style=\"background-color: transparent;\"><img class=\"size-full wp-image-2819\" src=\"https://shopnongsansach.com/wp-content/uploads/monngontrenho1-suon-ram.jpg\" alt=\"Sườn ram\" width=\"450\" height=\"300\" style=\"vertical-align: middle;\"/></a></figure></div></blockquote></blockquote></blockquote></blockquote></blockquote></blockquote><blockquote><blockquote><blockquote><blockquote><blockquote><blockquote><div class=\"entry-content single-page\"><figure id=\"attachment_2819\" class=\"wp-caption aligncenter\" style=\"font-size: 16px;width: 450px;\"><figcaption id=\"caption-attachment-2819\" class=\"wp-caption-text\" style=\"text-align: center;font-size: 0.9em;\"><i>Sườn ram</i></figcaption></figure></div></blockquote></blockquote></blockquote></blockquote></blockquote></blockquote><div class=\"entry-content single-page\"><p style=\"font-size: 16px;text-align: justify;\"><strong>Cách làm:</strong></p><p style=\"font-size: 16px;text-align: justify;\">– Sườn rửa sạch, chặt miếng cỡ vừa, để ráo. – Bắc chảo, phi dầu, cho hành, tỏi băm vào phi thơm. Trút sườn vào xào. Khi thịt săn lại thêm chút nước mắm, đường, đun nhỏ lửa. Sau đó cho thêm chút nước rồi đun tiếp. Để lửa riu riu, nêm vừa ăn. Khi thịt chín mềm, vàng đều, nước sánh lại là được.</p><p style=\"font-size: 16px;text-align: justify;\">Lưu ý: Đối với trẻ nhỏ, nên nấu mềm cho phù hợp sức nhai của bé.</p><div class=\"blog-share text-center\" style=\"text-align: center;font-size: 16px;\"><!--EndFragment--><br/></div></div><p><br/></p>','https://res.cloudinary.com/lancloudshop/image/upload/v1639902147/nbf89xsxgiefojeaig6d.jpg','Canh cải nấu thịt, sườn ram, canh bí đỏ nấu sườn dễ chế biến mà đầy đủ dinh dưỡng cho trẻ.','Những món ngon đủ chất giúp trẻ hay ăn chóng lớn','http://localhost:8080/vgreens/admin/post-management/8','71133',NULL),(9,'2021-12-19 15:24:03','<p><br/></p><p><br/></p><!--StartFragment--><p style=\"font-size: 18.75px;text-align: justify;\">Không hề giống với món rau bình thường, đây là những món <strong>rau ngon đặc sản</strong> mà không dễ gì có thể mua được.</p><p style=\"font-size: 18.75px;text-align: justify;\">Trong bữa cơm gia đình của người Việt thì các món ăn với thịt và cá sẽ luôn là những món ăn chính, còn rau chỉ là những món phụ để bổ sung thêm vitamin cho cơ thể. Chính vì đấy mà <strong><a href=\"https://nongsandungha.com/danh-muc/rau-cu-sach\">các loại rau</a></strong> thường rẻ hơn rất nhiều so với thịt cá.</p><p style=\"font-size: 18.75px;text-align: justify;\">Tuy vậy không phải bất cứ loại rau nào đều rẻ, có những loại rau ngon <strong><a href=\"https://nongsandungha.com/danh-muc/dac-san-ha-giang\">đặc sản và rất hiếm</a></strong> nền giá thành của chúng đã được đẩy lên rất cao.</p><h2 id=\"1-rau-ngot-rung-hay-con-goi-la-rau-sang\" style=\"font-size: 27.1875px;text-align: justify;\"><b><strong>1. Rau ngót rừng hay còn gọi là rau sắng.</strong></b></h2><blockquote><blockquote><blockquote><blockquote><p style=\"font-size: 18.75px;text-align: justify;\"></p><blockquote><p style=\"font-size: 18.75px;text-align: justify;\"><img class=\"aligncenter wp-image-27613 size-full\" src=\"https://admin.nongsandungha.com/wp-content/uploads/2020/10/rau-ngon-dac-san-min.jpg\" alt=\"rau dac san\" width=\"500\" height=\"375\" style=\"vertical-align: middle;\"/></p></blockquote><p></p></blockquote></blockquote></blockquote></blockquote><p style=\"font-size: 18.75px;text-align: justify;\">Chỉ nghe thấy cái tên <strong><a href=\"https://nongsandungha.com/thuc-pham/rau-sang\">rau ngót Rừng</a></strong> thôi là chắc hẳn bạn đã biết là đồng bằng thì không thể trồng được rồi đúng không nào. Nó chỉ có ở những tỉnh thuộc miền núi phía Bắc như Lạng Sơn, Cao Bằng, Lào Cai,... Người dân phải đi vặt chúng trên những vách núi đá cao. Vì thân cây rất cao lên tới cả chục mét nên rất khó khăn để hái được chúng.</p><p style=\"font-size: 18.75px;text-align: justify;\">Cũng giống như những món rau khác, rau sắng có rất nhiều chất dinh dưỡng rất có lợi cho sức khỏe con người. Nhưng vị thì hoàn toàn khác, nó có vị thơm kỳ lạ mà chỉ rau rừng tự nhiên mới đem lại được. Mùi thơm của rau khi làm chín rất nổi bật, có vị ngọt thanh. Bởi vì nó có vị ngon như vậy nên bạn cần phải bỏ ra một số tiền không hề nhỏ mới có thể mua được.</p><p style=\"font-size: 18.75px;text-align: justify;\">Giá bán của rau sắng trên thị trường bây giờ là vào khoảng 120.000 đến 160.000 vnđ. </p><h2 id=\"2-rau-ngon-dac-san-rau-tien-vua\" style=\"font-size: 27.1875px;text-align: justify;\"><b><strong>2.  Rau ngon đặc sản - Rau tiến vua</strong></b></h2><blockquote><blockquote><blockquote><blockquote><p style=\"font-size: 18.75px;text-align: justify;\"></p><blockquote><p style=\"font-size: 18.75px;text-align: justify;\"><img class=\"aligncenter wp-image-27614 size-full\" src=\"https://admin.nongsandungha.com/wp-content/uploads/2020/10/rau-ngon-dac-san-2-min.jpg\" alt=\"rau dac san\" width=\"500\" height=\"500\" style=\"vertical-align: middle;\"/></p></blockquote><p></p></blockquote></blockquote></blockquote></blockquote><p style=\"font-size: 18.75px;text-align: justify;\">Rau tiến vua là món rau đặc sản của người dân Miền Trung, nó mọc nhiều ở những vùng đất ven biển. Đây là giống cây khá đặc biệt, phần lá và thân cây gắn liền với nhau làm một. Thân cân nhỏ chỉ bằng với ngón tay út, khi làm chín ăn sẽ có vị mềm và khá là dai.</p><p style=\"font-size: 18.75px;text-align: justify;\"><strong><a href=\"https://nongsandungha.com/thuc-pham/rau-tien-vua\">Rau tiến vua</a></strong> lớn và cho thu hoạch được là vào khoảng tháng 4 âm lịch. Rau tiến vua sau khi thu hoạch sẽ được đem đi chế biến và đóng gói rồi bán ra thị trường. Bạn có thể bắt gặp được những loại rau tiến vua khô, rau tiến vua muối chua hay rau tiến vua tươi.</p><p style=\"font-size: 18.75px;text-align: justify;\">Hiện tại <a href=\"https://nongsandungha.com/\"><strong>Nông Sản Dũng Hà</strong></a> đang bán loại rau này với giá là 350.000 - 400.000 vnđ/1kg rau tiến vua khô. Rau tiến vua khô khi ngâm và chế biến rất dôi. Vì thế chỉ cần 1 nắm nhỏ là đủ cho cả gia đình. Bạn có thể mua về để chế biến rau thành những món ăn như nấu canh, xào với thịt, làm gỏi,....</p><h2 id=\"3-rau-mam-da\" style=\"font-size: 27.1875px;text-align: justify;\"><b><strong>3. Rau mầm đá</strong></b></h2><p style=\"font-size: 18.75px;text-align: justify;\">Rau mầm đá là loại cây rau có thân to và dày nên chúng rất thích hợp sống ở những nơi có khí hậu lạnh tại những tỉnh vùng núi phía Bắc đặc biệt là tại tỉnh Lào Cai. Rau sẽ cho thu hoạch vào khoảng tháng 11 đến tháng 4 năm sau.</p><blockquote><blockquote><p style=\"font-size: 18.75px;text-align: justify;\"></p><blockquote><p style=\"font-size: 18.75px;text-align: justify;\"><img class=\"aligncenter\" src=\"https://admin.nongsandungha.com/img/c%C3%A1ch%20m%C3%B3n%20rau%20ngon%20%C4%91%E1%BA%B7c%20s%E1%BA%A3n/rau-ngon.jpg\" alt=\"rau dac san\" width=\"700\" height=\"393\" style=\"vertical-align: middle;\"/></p></blockquote><p></p></blockquote></blockquote><p style=\"font-size: 18.75px;text-align: justify;\">Hình dáng rau mầm đá khá sần sùi, có nhiều những mầm non mọc bên ngoài phần thân củ cứng. Trọng lượng trung bình của một cây là khoảng 1 đến 1,5 kg. Phần thân củ ăn rất giòn và ngọt. Vì đây là giống cây ưa lạnh nên nhiệt độ thời tiết càng thấp thì cây sẽ càng phát triển tốt và cho ra chất lượng thơm ngon hơn. Tuy nhiên việc nuôi trồng cây để bán rất khó khăn đã đẩy giá thành cây lên khá cao.</p><p style=\"font-size: 18.75px;text-align: justify;\">Giá bán của cây trên thị trường thời điểm hiện tại là vào khoảng 40.000 - 50.000 vnđ/kg. Mọi người có thể mua rau về chế biến thành các món rau ngon như xào, luộc hay nấu canh đều được nhé.</p><h2 id=\"4-rau-thoi\" style=\"font-size: 27.1875px;text-align: justify;\"><b><strong>4. Rau thối</strong></b></h2><p style=\"font-size: 18.75px;text-align: justify;\">Món rau thối thực chất là một loại rau của đồng bào dân tộc Thái, nó còn có cái tên gọi khác theo tiếng người Thái là Pắc Nam. Đây là giống cây rừng chuyên bám trên những thân cây lớn, thuộc họ cây dây leo. Chúng bám vào tấm cả những cây nào sống bên cạnh. Nếu bạn lần đầu ăn món rau này thì sẽ rất bất ngờ bởi hương vị của nó đấy nhé.</p><p style=\"font-size: 18.75px;text-align: justify;\">Cây sau khi được hái về sẽ đem đi ngắt bỏ phần xơ cứng, chỉ để lại phần lá non và ngọn để ăn. Nếu bạn muốn thưởng thức được món ăn đặc biệt này thì hãy chú ý vào tầm tháng 3 đến tháng 4 âm lịch hàng nă, đây chính là mùa của cây phát triển tốt nhất và sẽ cho thu hoạch.</p><h2 id=\"5-rau-dang-bien\" style=\"font-size: 27.1875px;text-align: justify;\"><b><strong>5. Rau đắng biển</strong></b></h2><blockquote><blockquote><blockquote><blockquote><p style=\"font-size: 18.75px;text-align: justify;\"></p><blockquote><p style=\"font-size: 18.75px;text-align: justify;\"><img class=\"aligncenter wp-image-27615 size-full\" src=\"https://admin.nongsandungha.com/wp-content/uploads/2020/10/rau-ngon-dac-san-4-min.jpg\" alt=\"rau dac san\" width=\"500\" height=\"419\" style=\"vertical-align: middle;\"/></p></blockquote><p></p></blockquote></blockquote></blockquote></blockquote><p style=\"font-size: 18.75px;text-align: justify;\"><a href=\"https://www.nongsandungha.com/thuc-pham/rau-dang\"><strong>Rau đắng biển</strong></a> sống được ở những vùng nước lợ, những vùng cửa sông hay đầm lầy. Dù nó có đắt đi chăng nữa thì bạn cũng nên ăn thử một lần. Thuốc đắng thì giã tật, ăn rau có vị hơi đắng nên cực kì tốt cho sức khỏe con người.</p><h2 id=\"6-rau-cang-cua\" style=\"font-size: 27.1875px;text-align: justify;\"><b><strong>6. Rau càng cua</strong></b></h2><blockquote><blockquote><blockquote><blockquote><p style=\"font-size: 18.75px;text-align: justify;\"></p><blockquote><p style=\"font-size: 18.75px;text-align: justify;\"><img class=\"aligncenter wp-image-27616 size-full\" src=\"https://admin.nongsandungha.com/wp-content/uploads/2020/10/rau-ngon-dac-san-0-min.jpg\" alt=\"rau dac san\" width=\"500\" height=\"333\" style=\"vertical-align: middle;\"/></p></blockquote><p></p></blockquote></blockquote></blockquote></blockquote><p style=\"font-size: 18.75px;text-align: justify;\">Đây chắc chắn là loại rau được biết tới nhiều nhất, ngoài cái tên <a href=\"https://nongsandungha.com/thuc-pham/rau-cang-cua\"><strong>rau càng cua</strong></a> ra nó có rất nhiều những tên gọi khác như rau đơn kim, rau cúc áo, rau tiêu,.... Cây trưởng thành có thể cao tới 20 đến 40 cm. Khi ăn cây có vị khá nhớt. Lá cây có hình trái tim bạn có thể đem chế biến thành món nộm hay nấu canh đều được nhé.</p><p style=\"font-size: 18.75px;text-align: justify;\">Rau càng cua có bán tại Nông Sản Dũng Hà là 90.000 - 120.000 vnđ/1kg. Tuy giá thành hơi cao một chút những đảm bảo rằng rau càng cua rất tốt cho sức khỏe.</p><p style=\"font-size: 18.75px;text-align: justify;\">Nếu có dịp hãy ăn thử những món <strong>rau ngon đặc sản</strong> nhé. Chúng sẽ không làm bạn thất vọng. </p><!--EndFragment--><p><br/></p><p><br/></p><p><br/></p>','https://res.cloudinary.com/lancloudshop/image/upload/v1639902720/kj7lycdgdqaipfqnzgqn.jpg','Không hề giống với món rau bình thường, đây là những món rau ngon đặc sản mà không dễ gì có thể mua được.  Trong bữa cơm gia đình của người Việt thì các món ăn với thịt và cá sẽ luôn là những món ăn chính, còn rau chỉ là những món phụ để bổ sung thêm vitamin cho cơ thể. Chính vì đấy mà các loại rau thường rẻ hơn rất nhiều so với thịt cá.  Tuy vậy không phải bất cứ loại rau nào đều rẻ, có những loại rau ngon đặc sản và rất hiếm nền giá thành của chúng đã được đẩy lên rất cao.','6 MÓN RAU NGON ĐẶC SẢN - BẠN CẦN BỎ RA SỐ TIỀN KHÔNG HỀ NHỎ MỚI MUA ĐƯỢC.','http://localhost:8080/vgreens/admin/post-management/9','7895',NULL),(10,'2021-12-19 15:32:00','<p><br/></p><p><br/></p><!--StartFragment--><p style=\"font-size: 18.75px;text-align: justify;\">Ăn chay đã được công nhận là một xu hướng ăn uống tốt cho sức khỏe, tuy nhiên việc ăn chay không đúng cách dễ khiến cơ thể bị suy nhược và thiếu chất. Để cung cấp đủ năng lượng cho các hoạt động, bạn nên nạp khoảng xấp xỉ 1500 kcal một ngày. Vậy với <a href=\"https://nongsandungha.com/thuc-don-an-chay.html\"><strong>thực đơn ăn chay</strong></a> như thế nào thì đáp ứng được yêu cầu trên, hãy cùng Nông Sản Dũng Hà tìm hiểu trong bài viết này bạn nhé! </p><blockquote><blockquote><blockquote><blockquote><p style=\"font-size: 18.75px;text-align: justify;\"></p><blockquote><p style=\"font-size: 18.75px;text-align: justify;\"><img class=\"aligncenter\" src=\"https://admin.nongsandungha.com/img/an%20chay/thuc-don-an-chay.jpg\" alt=\"thuc don an chay\" width=\"500\" height=\"370\" style=\"vertical-align: middle;height: 370px;width: 500px;\"/></p></blockquote><p></p></blockquote></blockquote></blockquote></blockquote><h2 id=\"thuc-don-an-chay-du-chat-bao-gom-nhung-chat-dinh-duong-nao\" style=\"font-size: 27.1875px;text-align: justify;\"><b>Thực đơn ăn chay đủ chất bao gồm những chất dinh dưỡng nào?</b></h2><h3 id=\"protein-tinh-bot\" style=\"font-size: 24.375px;text-align: justify;\"><b>Protein, tinh bột</b></h3><p style=\"font-size: 18.75px;text-align: justify;\">Thông thường nguồn protein cung cấp cho cơ thể được cung cấp chủ yếu từ nguồn động vật ( thịt, cá), nam giới cần 55gr protein và nữ giới cần đến 45 gr protein mỗi ngày. </p><p style=\"font-size: 18.75px;text-align: justify;\">Các loại đạm thực vật có nhiều trong các loại đậu và những thực phẩm chay từ đậu ( đậu hũ, tương hột, ..) hoặc trong sữa và các chế phẩm từ sữa (phomai, sữa chua)</p><p style=\"font-size: 18.75px;text-align: justify;\">Nguồn cung tinh bột đa phần là từ thực vật nên cũng không quá xa lạ, ví dụ như cơm, bánh mì, <a href=\"https://nongsandungha.com/thuc-pham/cu-khoai-tay\"><strong>khoai tây</strong></a>, các loại <strong><a href=\"https://nongsandungha.com/thuc-pham/ngu-coc\">ngũ cốc</a></strong>,vv...<strong>thực đơn ăn chay giảm cân </strong>nên hạn chế ăn các loại bánh có nhiều đường vì dễ gây béo phì, tăng cân.</p><h3 id=\"canxi\" style=\"font-size: 24.375px;text-align: justify;\"><b>Canxi</b></h3><p style=\"font-size: 18.75px;text-align: justify;\">Canxi là một chất cần thiết cho sự phát triển xương, giữ xương chắc khỏe, hàm lượng canxi vừa đủ cho một ngày khoảng 1.000-1.200 mg, nếu không đạt lượng canxi tối thiểu này xương sẽ không phát triển toàn diện được. </p><p style=\"font-size: 18.75px;text-align: justify;\">Canxi trong thực phẩm chay có nhiều trong sữa và các chế phẩm từ sữa, trong các loại rau có màu xanh đậm: cải thìa, bông cải xanh, rong biển, tảo vv...</p><h3 id=\"khoang-chat-sat-va-kem\" style=\"font-size: 24.375px;text-align: justify;\"><b>Khoáng chất sắt và kẽm</b></h3><p style=\"font-size: 18.75px;text-align: justify;\">Sắt có vai trò cần thiết trong việc hình thành nên hồng cầu cho máu, kẽm giúp chuyển hóa tế bào, miễn dịch, chữa lành vết thương, tổng hợp protein, ADN và tham gia vào quá trình phân chia tế bào. </p><p style=\"font-size: 18.75px;text-align: justify;\">Cơ thể chúng ta không lưu trữ được những khoáng chất này mà phải bổ sung từ thực phẩm. Trong thực đơn ăn chay, các loại rau lá xanh như cải xoăn, cải bắp, bông cải... là nguồn cung cấp sắt và kẽm là chủ yếu. Ngoài ra chúng ta có thể bổ sung từ các loại hạt khô (hạt điều, hạnh nhân), ngũ cốc nguyên hạt và ngũ cốc nguyên cám để đảm bảo <strong>thực đơn ăn chay trường đủ chất</strong>….</p><blockquote><blockquote><blockquote><blockquote><p style=\"font-size: 18.75px;text-align: justify;\"></p><blockquote><p style=\"font-size: 18.75px;text-align: justify;\"><img class=\"aligncenter\" src=\"https://admin.nongsandungha.com/img/an%20chay/thuc-don-an-chay-truong-giam-can.jpg\" alt=\"thuc don an chay\" width=\"500\" height=\"299\" style=\"vertical-align: middle;height: 299px;width: 500px;\"/></p></blockquote><p></p></blockquote></blockquote></blockquote></blockquote><h3 id=\"vitamin-b12\" style=\"font-size: 24.375px;text-align: justify;\"><b>Vitamin B12</b></h3><p style=\"font-size: 18.75px;text-align: justify;\">Vitamin B12 có nhiều trong các loại chế phẩm lên men của đậu nành, nấm đông cô, rong biển, các loại tảo, vv...Đối với người ăn kiêng hoàn toàn trứng và sữa sẽ cần thiết bổ sung vitamin nhóm B vào khẩu phần ăn của mình.</p><h3 id=\"cac-axit-beo-can-thiet\" style=\"font-size: 24.375px;text-align: justify;\"><b>Các axít béo cần thiết</b></h3><p style=\"font-size: 18.75px;text-align: justify;\">Các axit béo thật sự cần thiết để cơ thể có thể hấp thu các loại vitamin tan trong chất béo ( vitamin A, E,D, K, vv..) để thực hiện các chức năng riêng của chúng. Các chất béo thực vật được bổ sung từ các loại dầu như dầu mè, dầu oliu, dầu dừa, bơ,vv</p><h2 id=\"5-kieu-an-chay-pho-bien-nhat-hien-nay\" style=\"font-size: 27.1875px;text-align: justify;\"><b>5 kiểu ăn chay phổ biến nhất hiện nay: </b></h2><ul style=\"font-size: 18.75px;text-align: justify;\"><li><p>Ăn chay thuận: không ăn thịt cá, trứng sữa, chỉ ăn thực phẩm từ thực vật, Đối với kiểu ăn chay này bạn phải tìm hiểu thật kĩ vì thường hay bị thiếu chất.</p></li><li><p>Ăn chay bán phần: Ăn chay thường xuyên nhưng không kiêng ăn mặn hoàn toàn.</p></li><li><p>Ăn chay có sữa, trứng gà: Loại trứng gà được sử dụng phải là trứng không có trống hoặc trứng gà cơm</p></li><li><p>Ăn chay có cá: Chỉ ăn các thực phẩm từ rau củ và cá, không ăn thịt, gia cầm</p></li><li><p>Ăn chay có sữa: Kiêng tất cả thịt, cá, trứng nhưng lại dùng sữa</p></li></ul><p style=\"font-size: 18.75px;text-align: justify;\">Vậy bạn xác định theo kiểu ăn chay nào, hãy nghiên cứu kĩ thành phần dinh dưỡng trong các thực phẩm bạn sẽ ăn, nó không chỉ giúp bạn giữ vóc dáng cân đối mà còn mang lại một cơ thể khỏe mạnh nữa đó. Hãy cùng Dũng Hà xây dựng một thực đơn ăn chay khoa học và hấp dẫn nhé!</p><blockquote><blockquote><blockquote><blockquote><p style=\"font-size: 18.75px;text-align: justify;\"></p><blockquote><p style=\"font-size: 18.75px;text-align: justify;\"><img class=\"aligncenter\" src=\"https://admin.nongsandungha.com/img/an%20chay/thuc-don-an-chay-giam-can.jpg\" alt=\"thuc don an chay\" width=\"500\" height=\"312\" style=\"vertical-align: middle;height: 312px;width: 500px;\"/></p></blockquote><p></p></blockquote></blockquote></blockquote></blockquote><h2 id=\"thuc-don-an-chay-don-gian-nhat\" style=\"font-size: 27.1875px;text-align: justify;\"><b>Thực đơn ăn chay đơn giản nhất</b></h2><p style=\"font-size: 18.75px;text-align: justify;\">Nếu bạn quá bận rộn để có thể lên thực đơn ăn chay một cách cầu kì, đừng lo, những thực phẩm tôi gợi ý cho bạn dưới đây đã được các chuyên gia dinh dưỡng nghiên cứu xây dựng, giúp bạn có thể đạt đủ 1500 kcal mỗi ngày để đủ năng lượng học tập và làm việc:</p><p style=\"font-size: 18.75px;text-align: justify;\">Bữa sáng: Thông thường bữa sáng nhiều người cũng không ăn các món liên quan đến thịt, bạn có thể lựa chọn ăn bún xào, bánh mì bơ đậu phộng, bún riêu chay, bánh bao chay, vv..</p><p style=\"font-size: 18.75px;text-align: justify;\">Giữa buổi sáng: Bạn nên ăn một chút trái cây, sữa chua, bánh ram ít hoặc hoa quả dầm...</p><p style=\"font-size: 18.75px;text-align: justify;\">Bữa trưa: Bữa trưa rất quan trọng trong ngày, bạn cần ăn đủ chất. Do đó, bạn nên chuẩn bị hơi cầu kì một chút. Thực đơn ăn chay bữa trưa nên có đủ món canh, mặn, xào:</p><p style=\"font-size: 18.75px;text-align: justify;\">+Cơm, canh mướp đắng, đỗ xào, đậu phụ chiên sả </p><p style=\"font-size: 18.75px;text-align: justify;\">Cơm, đậu phụ kho, canh bí đỏ, su hào xào</p><p style=\"font-size: 18.75px;text-align: justify;\">Cơm, mì căn chiên,canh  rau muống, cải xào …</p><p style=\"font-size: 18.75px;text-align: justify;\">Giữa buổi: ăn thêm khoai lang, trái cây theo mùa, sữa chua hoặc sữa đậu nành</p><p style=\"font-size: 18.75px;text-align: justify;\">Bữa Chiều: Bạn có thể ăn canh bí, khổ qua , nấm kho, nấm rơm, rau ngót hoặc cải thảo vv</p><p style=\"font-size: 18.75px;text-align: justify;\">Nếu bạn không ăn chay thuần hoặc theo tôn giao thì bạn có thể thêm trứng vào thực đơn để đảm bảo đủ chất dinh dưỡng. </p><blockquote><blockquote><blockquote><blockquote><p style=\"font-size: 18.75px;text-align: justify;\"></p><blockquote><p style=\"font-size: 18.75px;text-align: justify;\"><img class=\"aligncenter\" src=\"https://admin.nongsandungha.com/img/an%20chay/thuc-don-an-chay-du-chat-dinh-duong.jpg\" alt=\"thuc don an chay\" width=\"500\" height=\"311\" style=\"vertical-align: middle;height: 311px;width: 500px;\"/></p></blockquote><p></p></blockquote></blockquote></blockquote></blockquote><h2 id=\"thuc-don-an-chay-trong-1-tuan-du-chat-thay-doi-khau-vi\" style=\"font-size: 27.1875px;text-align: justify;\"><b>Thực đơn ăn chay trong 1 tuần đủ chất, thay đổi khẩu vị</b></h2><p style=\"font-size: 18.75px;text-align: justify;\">Hiểu được tâm lí khó khăn khi xây dựng thực đơn ăn chay cho cả tuần, Nông Sản Dũng Hà sẽ giúp bạn tổng hợp và đưa ra danh sách các món ăn cho từng ngày trong tuần, giúp bạn tiết kiệm cả thời gian và công sức: </p><p style=\"font-size: 18.75px;text-align: justify;\">Thứ hai</p><ul style=\"font-size: 18.75px;text-align: justify;\"><li><p>Sáng: Mì bò viên chay.</p></li><li><p>Giữa sáng: Dâu tây trộn với sữa chua.</p></li><li><p>Trưa: Cơm, đậu phụ (đậu hũ) kho, canh bí đỏ nấu đậu phộng, </p></li><li><p>Giữa trưa: Khoai lang, sữa đậu nành không đường.</p></li><li><p>Chiều: Canh bí xanh, nấm kho.</p></li></ul><p style=\"font-size: 18.75px;text-align: justify;\">Thứ ba</p><ul style=\"font-size: 18.75px;text-align: justify;\"><li><p>Sáng: Bún xào</p></li><li><p>Giữa sáng: Sữa chua.</p></li><li><p>Trưa: Cơm, đậu hủ chiên sả, canh khổ qua, một múi bưởi.</p></li><li><p>Giữa trưa: Sữa đậu nành không đường</p></li><li><p>Chiều: Cơm, mít non kho, canh rau ngót nấu nấm rơm và một múi bưởi.</p></li></ul><p style=\"font-size: 18.75px;text-align: justify;\">Thứ tư</p><ul style=\"font-size: 18.75px;text-align: justify;\"><li><p>Sáng: Mì bò viên chay</p></li><li><p>Giữa sáng: Xoài chín.</p></li><li><p>Trưa: Cơm,canh chua nấu thơm,  đậu phộng rang, một trái mận.</p></li><li><p>Giữa trưa: Một trái thanh long.</p></li><li><p>Chiều: Cơm, canh mồng tơi, đậu phụ kho thập cẩm.</p></li></ul><p style=\"font-size: 18.75px;text-align: justify;\">Thứ năm</p><ul style=\"font-size: 18.75px;text-align: justify;\"><li><p>Sáng: Bánh mì bơ đậu phộng.</p></li><li><p>Giữa sáng: sữa chua</p></li><li><p>Trưa: Cơm, canh cải xanh,đậu hủ xốt cà chua nấm,  một quả táo.</p></li><li><p>Giữa trưa: sữa đậu nành không đường.</p></li><li><p>Chiều: Cơm, canh cải thảo,  khổ qua hầm</p></li></ul><p style=\"font-size: 18.75px;text-align: justify;\">Thứ sáu</p><ul style=\"font-size: 18.75px;text-align: justify;\"><li><p>Sáng:  Bún riêu chay.</p></li><li><p>Giữa sáng: Sữa tươi, đu đủ.</p></li><li><p>Trưa: Cơm, canh khổ qua, đậu hủ xốt cà chua</p></li><li><p>Giữa trưa: Một quả lê.</p></li><li><p>Chiều: Cơm, cà rốt, canh bí đỏ, khoai tây kho đậu phộng.</p></li></ul><p style=\"font-size: 18.75px;text-align: justify;\">Thứ bảy</p><ul style=\"font-size: 18.75px;text-align: justify;\"><li><p>Sáng:  Bánh bao chay.</p></li><li><p>Giữa sáng: Quýt.</p></li><li><p>Trưa: Cơm, rau xào thập cẩm, bầu luộc và một trái mận.</p></li><li><p>Giữa trưa: Sữa tươi.</p></li><li><p>Chiều: Cơm, đậu hủ xốt nấm, canh rau dền cơm và một trái mận</p></li></ul><p style=\"font-size: 18.75px;text-align: justify;\">Hi vọng với những kiến thức <a href=\"https://nongsandungha.com/\"><strong>Nông Sản </strong></a><b>VGREENS</b> tổng hợp được về những <strong>thực đơn ăn chay 1 tuần</strong> đủ chất và khoa học nhất, bạn sẽ lựa chọn được cho mình một chế độ ăn lành mạnh và phù hợp. Cảm ơn bạn đã đón đọc, chúc bạn sức khỏe và bình an trong cuộc sống !</p><!--EndFragment--><p><br/></p><p><br/></p>','https://res.cloudinary.com/lancloudshop/image/upload/v1639902834/blwll5tfwh6nnirrdura.jpg','Ăn chay đã được công nhận là một xu hướng ăn uống tốt cho sức khỏe, tuy nhiên việc ăn chay không đúng cách dễ khiến cơ thể bị suy nhược và thiếu chất. Để cung cấp đủ năng lượng cho các hoạt động, bạn nên nạp khoảng xấp xỉ 1500 kcal một ngày. Vậy với thực đơn ăn chay như thế nào thì đáp ứng được yêu cầu trên, hãy cùng Nông Sản Dũng Hà tìm hiểu trong bài viết này bạn nhé!','MÁCH BẠN THỰC ĐƠN ĂN CHAY ĐỦ CHẤT DINH DƯỠNG KHOA HỌC CHO 7 NGÀY','http://localhost:8080/vgreens/admin/post-management/10','14678',NULL),(11,'2021-12-19 15:33:54','<p><br/></p><p><br/></p><!--StartFragment--><p style=\"font-size: 18.75px;text-align: justify;\"><em>7 loại rau củ dưới đây mà chúng tôi giới thiệu vô cùng thích hợp để phát triển trong khí hậu mát mẻ của mùa Thu này. Hãy bắt đầu thay đổi thực đơn rau nhà bạn ngay thôi nào!</em> Những loại rau củ này, bạn có thể trồng trực tiếp bằng <strong><a href=\"https://nongsandungha.com/danh-muc/hat-giong-hoa\">hạt giống</a></strong> hoặc bạn có thể mua sẵn cây giống nếu cảm thấy quá trình gieo hạt quá phức tạp.</p><ol style=\"font-size: 18.75px;text-align: justify;\"><li><h2 id=\"cai-bo-xoi-rau-bina-rau-chan-vit\" style=\"font-size: 27.1875px;\"><b>Cải bó xôi (Rau bina, rau chân vịt)</b></h2></li></ol><p style=\"font-size: 18.75px;text-align: justify;\">Thời gian trồng tốt nhất: Bạn nên gieo <strong><a href=\"https://nongsandungha.com/thuc-pham/hat-giong-cai-bo-xoi\">hạt giống cải bó xôi</a></strong> vào cuối tháng 8 hoặc đầu tháng 9 là thời điểm tốt nhất.</p><p style=\"font-size: 18.75px;text-align: justify;\">Cách trồng: <strong>hạt giống cải bó xôi</strong> nên được gieo cách mặt đất 6mm, mỗi hạt cách nhau khoảng 5cm. Vì <strong>Cải bó xôi</strong> ưa ẩm và không ưa nhiệt độ cao, vì thế cần đảm bảo cây luôn được giữ ẩm tốt nhất và đặc biệt tránh khu vực quá nắng gắt. Rau cải bó xôi có thể thu hoạch sau khoảng 30-35 ngày kể từ khi gieo hạt. Bạn cũng có thể tỉa những chiếc lá to ăn trước, để lá bé phát triển thêm, đảm bảo bạn sẽ có rau ăn quanh mùa.</p><p style=\"font-size: 18.75px;text-align: justify;\">Lưu ý: Nếu khi gieo bạn gieo hạt quá gần, bạn nên nhổ bớt cây khi rau đã ăn được để những cây rau còn lại phát triển tốt hơn. Cải bó xôi rất tốt cho sức khỏe, đem lại năng xuất cao</p><blockquote><blockquote><blockquote><blockquote><p style=\"font-size: 18.75px;text-align: justify;\"></p><blockquote><p style=\"font-size: 18.75px;text-align: justify;\"><img class=\"alignnone size-full wp-image-27369 aligncenter\" src=\"https://admin.nongsandungha.com/wp-content/uploads/2019/09/cai-bo-xoi.jpg\" alt=\"cai bo xoi\" width=\"500\" height=\"375\" style=\"vertical-align: middle;\"/></p></blockquote><p></p></blockquote></blockquote></blockquote></blockquote><ol start=\"2\" style=\"font-size: 18.75px;text-align: justify;\"><li><h2 id=\"cu-cai-do\" style=\"font-size: 27.1875px;\"><b>Củ cải đỏ</b></h2></li></ol><p style=\"font-size: 18.75px;text-align: justify;\">Thời gian trồng tốt nhất: <strong><a href=\"https://nongsandungha.com/thuc-pham/hat-giong-cu-cai-do-5g\">Củ cải đỏ</a></strong> được trồng muộn nhất là trước cuối tháng 8.</p><p style=\"font-size: 18.75px;text-align: justify;\">Cách trồng: Bạn nên ngâm hạt giống trong nước ấm khoảng 3-5h để <strong>hạt giống cải đỏ</strong> nảy mầm nhanh. Chờ đến khi hạt xuất hiện vết nứt nhỏ trên hạt thì bắt đầu đem trồng ra đất. Hoặc bạn cũng có thể gieo hạt luôn trong một chậu xốp lớn, sao hạt cách hạt 5-10 cm. Sau đó phủ lên một lớp đất mỏng khoảng 1 cm.</p><p style=\"font-size: 18.75px;text-align: justify;\">Bạn có thể thu hoạch <strong>Củ cải đỏ</strong> sau 25-30 ngày kể từ khi gieo hạt. Khi rễ cây bắt đầu phồng lên tới mức nhất định là bạn có thể thu hoạch và bạn cũng có thể trồng tiếp đợt tiếp theo để thu hoạch vào tháng 3.</p><blockquote><blockquote><blockquote><blockquote><p style=\"font-size: 18.75px;text-align: justify;\"></p><blockquote><p style=\"font-size: 18.75px;text-align: justify;\"><img class=\"alignnone size-full wp-image-27447 aligncenter\" src=\"https://admin.nongsandungha.com/wp-content/uploads/2019/08/cu-cai-do.jpg\" alt=\"trong cu cai do\" width=\"500\" height=\"326\" style=\"vertical-align: middle;\"/></p></blockquote><p></p></blockquote></blockquote></blockquote></blockquote><ol start=\"3\" style=\"font-size: 18.75px;text-align: justify;\"><li><h2 id=\"ca-rot\" style=\"font-size: 27.1875px;\"><b>Cà rốt</b></h2></li></ol><p style=\"font-size: 18.75px;text-align: justify;\">Thời gian trồng tốt nhất: Bạn nên gieo <a href=\"https://nongsandungha.com/thuc-pham/hat-giong-ca-rot\"><strong>hạt giống cà rốt</strong></a> vào thời điểm cuối tháng 8 hoặc đầu tháng 9.</p><p style=\"font-size: 18.75px;text-align: justify;\">Cách trồng: vì <strong>Cà rốt</strong> ưa các loại đất trồng có tầng canh tác dày, thoát nước tốt, đồng thời thành phần cơ giới nhẹ, tơi xốp vì thế bạn cần chọn loại đất pha cát là tốt nhất để  gieo hạt. Đặc biệt luôn giữ đất ẩm vì cà rốt không thể phát triển khi đất bị khô. Vì hạt cà rốt có vỏ và lông rất cứng, rất khó thấm nước nên bạn cần phải xử lý hạt giống và ủ thúc trước khi gieo hạt giống cà rốt. Cho hạt giống cà rốt vào túi vải, vò thật kỹ cho gãy hết lông cứng.</p><blockquote><blockquote><blockquote><blockquote><p style=\"font-size: 18.75px;text-align: justify;\"></p><blockquote><p style=\"font-size: 18.75px;text-align: justify;\"><img class=\"alignnone size-full wp-image-27368 aligncenter\" src=\"https://admin.nongsandungha.com/wp-content/uploads/2019/09/cach-trong-ca-rot-min.jpg\" alt=\"ca rot\" width=\"500\" height=\"333\" style=\"vertical-align: middle;\"/></p></blockquote><p></p></blockquote></blockquote></blockquote></blockquote><p style=\"font-size: 18.75px;text-align: justify;\">Sau đó, bạn trộn hạt giống với đất mùn theo tỷ lệ 1/1, tưới nước giữ ẩm trong khoảng 2 - 3 ngày thì đem gieo giống, hạt sẽ mọc đều. Cà rốt phát triển ở sâu trong đất, vì vậy khi chọn chậu hoặc thùng xốp phải chọn loại cao khoảng 30cm để giúp rễ cà rốt có thể phát triển tốt nhất. Đất cần làm sạch, loại bỏ sỏi, đá để cây dễ dàng phát triển và không ảnh hưởng đến hình dáng của.</p><ol start=\"4\" style=\"font-size: 18.75px;text-align: justify;\"><li><h2 id=\"rau-mui\" style=\"font-size: 27.1875px;\"><b>Rau mùi</b></h2></li></ol><p style=\"font-size: 18.75px;text-align: justify;\">Thời gian trồng tốt nhất: <a href=\"https://nongsandungha.com/thuc-pham/hat-giong-rau-mui-tia\"><strong>Hạt giống Rau mùi</strong></a> thường được trồng vào cuối mùa Hè, khoảng cuối tháng 8 đầu tháng 9.</p><p style=\"font-size: 18.75px;text-align: justify;\">Cách trồng: Bạn xử lý hạt trước khi gieo trồng bằng cách ngân hạt giống trong nước ấm khoảng 35-37 độ C trong 24-30 giờ cho hạt hút no nước, sau đó bỏ ra và gieo. Sau đó bạn tiến hành tưới nước để làm ẩm đất giúp hạt nhanh nảy mầm.</p><blockquote><blockquote><blockquote><p style=\"font-size: 18.75px;text-align: justify;\"></p></blockquote></blockquote></blockquote><blockquote><blockquote><blockquote><blockquote><blockquote><p style=\"font-size: 18.75px;text-align: justify;\"><img class=\"alignnone size-full wp-image-27450 aligncenter\" src=\"https://admin.nongsandungha.com/wp-content/uploads/2019/08/mau-mui-1-min.jpg\" alt=\"trong rau mui\" width=\"500\" height=\"375\" style=\"vertical-align: middle;\"/></p></blockquote></blockquote></blockquote></blockquote></blockquote><blockquote><blockquote><blockquote><p></p></blockquote></blockquote></blockquote><p style=\"font-size: 18.75px;text-align: justify;\">Để cây phát triển thân, lá rau mùi tốt, bạn cần thường xuyên tưới nước hoặc đảm bảo độ ẩm đất. Nếu cây mọc dày quá thì bạn phải tỉa bớt cho các cây còn lại phát triển đều. Sau khi gieo hạt khoảng 30-40 ngày thì có thể thu hoạch đợt đầu.</p><ol start=\"5\" style=\"font-size: 18.75px;text-align: justify;\"><li><h2 id=\"cai-xoan-kale\" style=\"font-size: 27.1875px;\"><b>Cải xoăn Kale</b></h2></li></ol><p style=\"font-size: 18.75px;text-align: justify;\">Thời gian trồng tốt nhất: <strong>Cải xoăn</strong> thường được trồng vào thời điểm trước giữa tháng 8.</p><p style=\"font-size: 18.75px;text-align: justify;\">Đất trồng <strong><a href=\"https://nongsandungha.com/thuc-pham/hat-giong-cai-xoan-kale\">hạt giống rau cải xoăn</a></strong> cần được làm kỹ, đất tơi xốp, ngoài ra còn có thể bón lót với vôi nông nghiệp sau đó phơi ải từ 7-10 ngày trước khi gieo trồng giúp hạt giống xử lý các mầm bệnh có hại trong đất. Hạt giống cũng cần được rửa sạch và ngâm trước trong nước ấm khoảng 40 độ C từ 2 - 5h. Sau đó, vớt hạt giống ra rửa sạch và để ráo nước.</p><p style=\"font-size: 18.75px;text-align: justify;\"><strong>Cây cải xoăn Kale</strong> cần rất nhiều nước để sinh trưởng và phát triển tốt vì thế ngay khi gieo trồng bạn nên tưới nước ngay cho cây, mỗi ngày tưới một đến hai lần là được. Bạn nên tưới trực tiếp vào gốc cây cho đến khi cây bén rễ, sau đó chỉ cần tưới khi nào thấy đất thiếu độ ẩm. Tuy nhiên nếu tưới quá nhiều nước cũng sẽ khiến cây bị nấm bệnh gây hại. </p><blockquote><blockquote><blockquote><blockquote><p style=\"font-size: 18.75px;text-align: justify;\"></p><blockquote><p style=\"font-size: 18.75px;text-align: justify;\"><img class=\"alignnone size-full wp-image-27449 aligncenter\" src=\"https://admin.nongsandungha.com/wp-content/uploads/2019/08/cai-xoan-min.jpg\" alt=\"cai xoan\" width=\"500\" height=\"375\" style=\"vertical-align: middle;\"/></p></blockquote><p></p></blockquote></blockquote></blockquote></blockquote><p style=\"font-size: 18.75px;text-align: justify;\">Xem thêm: <a href=\"https://nongsandungha.com/cham-soc-cai-xoan-cho-den-khi-thu-hoach.html\" target=\"_blank\" rel=\"noopener\"><strong>6 Kỹ thuật trồng cải xoăn đơn giản tại nhà cho những bữa ăn an toàn nhất</strong></a></p><ol start=\"6\" style=\"font-size: 18.75px;text-align: justify;\"><li><h2 id=\"sup-lo-xanh\" style=\"font-size: 27.1875px;\"><b>Súp lơ xanh</b></h2></li></ol><p style=\"font-size: 18.75px;text-align: justify;\">Thời gian trồng tốt nhất: <strong>Súp lơ xanh</strong> nên được trồng vào thời điểm cuối tháng 7 hoặc đầu tháng 8 hàng năm.</p><p style=\"font-size: 18.75px;text-align: justify;\">Cách trồng: Gieo hạt trước, sau đó đem cây con ra trồng. <a href=\"https://nongsandungha.com/thuc-pham/hat-giong-sup-lo-xanh\"><strong>Súp lơ xanh</strong></a> rất cần nước và chất dinh dưỡng để phát triển, do vậy bạn chú ý bỏ thêm phân bón vào đất trước khi bắt đầu trồng để giúp đất có thể giữ ẩm tốt nhất.</p><p style=\"font-size: 18.75px;text-align: justify;\">Trước khi đem gieo hạt, nên xử lý hạt giống qua bằng cách ngâm vào nước nóng khoảng 50 độ C trong 25 – 30 phút để diệt các nấm bệnh bám ở vỏ hạt, đồng thời giúp tăng tỷ lệ mọc của hạt giống. Sau khoảng 2 tuần từ khi gieo hạt, nên loại bỏ những cây súp lơ còi cọc và ốm yếu để chọn những cây khỏe mạnh. Trồng cây con nên cách nhau từ 10 - 20 cm để tạo điều kiện cho cây ra tán xòe rộng.</p><p style=\"font-size: 18.75px;text-align: justify;\">Chú ý nên tưới nước thường xuyên để giữ ẩm cho cây. Khi thấy lá nõn đã có ngù hoa, bạn cần tiến hành việc che lại, bạn bẻ gập 1 – 2 lá trong lại để đậy hoặc buộc túm các lá rau lại với nhau. Sau khi <strong>rau súp lơ xanh</strong> ra hoa khoảng 15 đến 20 ngày là bạn đã có thể hái và đem đi chế biến.</p><p style=\"font-size: 18.75px;text-align: justify;\">Thời điểm bạn hái súp lơ cũng khá quan trọng, bạn nên hái đúng lúc thì chất lượng súp lơ mới cao và tươi. Nếu hái sớm quá, khi ăn rau sẽ thấy hơi ngái, còn nếu hái rau quá già thì cũng không còn ngon.</p><p style=\"font-size: 18.75px;text-align: justify;\">Cây súp lơ tươi, đạt tiêu chuẩn phải là những cây có gạo hoa nhỏ, các cánh hoa vẫn chưa nở to quá mà chỉ mới lấm tấm trên mặt hoa. </p><blockquote><blockquote><blockquote><blockquote><p style=\"font-size: 18.75px;text-align: justify;\"></p><blockquote><p style=\"font-size: 18.75px;text-align: justify;\"><img class=\"alignnone size-full wp-image-27448 aligncenter\" src=\"https://admin.nongsandungha.com/wp-content/uploads/2019/08/sup-lo-xanh-1.jpg\" alt=\"trong sup lo\" width=\"500\" height=\"333\" style=\"vertical-align: middle;\"/></p></blockquote><p></p></blockquote></blockquote></blockquote></blockquote><ol start=\"7\" style=\"font-size: 18.75px;text-align: justify;\"><li><h2 id=\"rau-diep-la-xoan\" style=\"font-size: 27.1875px;\"><b>Rau diếp lá xoăn</b></h2></li></ol><p style=\"font-size: 18.75px;text-align: justify;\"><strong>Rau diếp lá xoăn</strong> hay còn có tên gọi khác là xà lách lá xoăn, đây là loại rau vô cùng dễ trồng và được sử dụng trong rất nhiều món ăn như phở cuốn, hay dùng kèm với các món ăn thông thường trong bữa cơm hàng ngày của người Việt.</p><p style=\"font-size: 18.75px;text-align: justify;\">Thời gian trồng tốt nhất: Loại rau này nên trồng từ tháng 8 trở đi, lúc này thời tiết đã mát mẻ hơn.</p><p style=\"font-size: 18.75px;text-align: justify;\">Cách trồng: Bạn có thể trồng rau diếp trong các chậu hoặc các thùng xốp. <strong>Hạt rau giống diếp</strong> rất nhỏ và tốt nhất là bạn nên rắc hạt trên mặt đất, sau đó hãy phủ lên một chút đất mịn, khoảng 1-5mm là được. Nên tưới nước đều đặn cho cây hàng ngày, và cắt lá rau bằng kéo khi cây rau cao khoảng 9-12cm để thu hoạch.</p><!--EndFragment--><p><br/></p><p><br/></p>','https://res.cloudinary.com/lancloudshop/image/upload/v1639902978/saukbzfjtv9pocqhel2l.jpg','7 loại rau củ dưới đây mà chúng tôi giới thiệu vô cùng thích hợp để phát triển trong khí hậu mát mẻ của mùa Thu này. Hãy bắt đầu thay đổi thực đơn rau nhà bạn ngay thôi nào! Những loại rau củ này, bạn có thể trồng trực tiếp bằng hạt giống hoặc bạn có thể mua sẵn cây giống nếu cảm thấy quá trình gieo hạt quá phức tạp.','TRỒNG LOẠI RAU NÀO VÀO MÙA THU ĐẠT NĂNG SUẤT CAO NHẤT','http://localhost:8080/vgreens/admin/post-management/11','6944',NULL),(12,'2021-12-19 15:36:18','<p><br/></p><p><br/></p><!--StartFragment--><p style=\"font-size: 18.75px;text-align: justify;\"><strong>Rau Rocket</strong> có tên gọi khoa học Arugula. Loại rau này thường được dùng trong các món salad trộn. Rau rocket chứa rất nhiều chất dinh dưỡng, chính vì điều đó nên loại rau này được rất nhiều người ưa chuộng. Rau xà lách có nguồn gốc ở phương tây và mới du nhập vào Việt Nam bằng những món salad. Chắc hẳn nhiều người vẫn chưa biết nhiều về loại rau này. Dưới đây VGreens sẽ giải đáp tất cả các câu hỏi mà mọi người thắc mắc như : <strong>Rau rocket là rau gì, có tác dụng gì, mua ở đâu</strong> ? </p><blockquote><blockquote><blockquote><p style=\"font-size: 18.75px;text-align: justify;\"><a href=\"https://nongsandungha.com/thuc-pham/rau-rocket\" target=\"_blank\" rel=\"noopener\"><img class=\"aligncenter\" src=\"https://admin.nongsandungha.com/img/rau-rocket.jpg\" alt=\"rau-rocket\" style=\"vertical-align: middle;\"/></a></p></blockquote></blockquote></blockquote><p style=\"font-size: 18.75px;text-align: justify;\">Bạn có thể tìm hiểu thêm về rau rocket VGreens tại đây: <a href=\"https://goo.gl/G8WcGP\"><strong><u>https://goo.gl/G8WcGP</u></strong></a></p><h2 id=\"rau-rocket-la-rau-gi\" style=\"font-size: 27.1875px;text-align: justify;\"><b><strong>Rau rocket là rau gì?</strong></b></h2><p style=\"font-size: 18.75px;text-align: justify;\"><strong>Rau Rocke</strong>t thuộc họ xà lách, trong rau xà lách rocket cũng chứa rất nhiều vitamin A, C, chất xơ và ít calori. Do vậy rau rocket còn được sử dụng trong quá trình ăn kiêng. Trong rau rocket còn chứa chất sulfuraphane, loại chất này có tác dụng chống ung thư cực kì hiệu quả. Ngoài ra, trong rau rocket còn chứa các chất dinh dưỡng khác như: vitamin K, B, canxi, magiê, sắt , axit folic và các chất khoáng khác. Tuy nhiên có một điểm khác biệt ở rau rocket là chúng có vị hơi cay và nồng, hương vị này rất thích hợp để làm món <strong>salad rocket</strong>.<strong> </strong></p><h2 id=\"tac-dung-cua-rau-rocket\" style=\"font-size: 27.1875px;text-align: justify;\"><b><strong>Tác dụng của rau rocket?</strong></b></h2><p style=\"font-size: 18.75px;text-align: justify;\"><em>+ Giúp xương chắc khỏe</em>: Nhờ vào hàm lượng canxi dồi dào, do vậy <strong>rau rocket </strong>đã mang lại công dụng giúp xương chắc khỏe. Bên cạnh đó, rau rocket còn chứa vitamin D và K, hai loại vitamin này cũng có tác dụng làm xương chắc khỏe. </p><blockquote><blockquote><blockquote><blockquote><p style=\"font-size: 18.75px;text-align: justify;\"></p><blockquote><p style=\"font-size: 18.75px;text-align: justify;\"><img class=\"aligncenter\" src=\"https://lh3.googleusercontent.com/rMe1sgvWUReY-Q-voTsVv4FGsMntOThL2QIF46pKTUIQW0KlpQOOjivulWOGi1tL3rDJ1eWojGgYxj5mGk5AJ2JsuA3fMOCX4mz961a7DXKJFDxv4C6yPFBdBgV-GghI8I7BdWBh\" alt=\"xa lach rocket co nhieu mon khai vi\" style=\"vertical-align: middle;\"/></p></blockquote><p></p></blockquote></blockquote></blockquote></blockquote><p style=\"font-size: 18.75px;text-align: justify;\"><em>+Ngăn ngừa tổn thương gan</em>: Trong rau rocket chứa rất nhiều chất diệp lục. Theo các bác sĩ chuyên khoa gan, chất diệp lục có trong rau rocket có tác dụng ngăn chặn các yêu tố gây hại cho gan như aflatoxin. Bên cạnh đó, rau rocket còn có một tác dụng lọc máu hiệu quả nhờ vào chất lưu huỳnh có sẵn trong rau. </p><h3 id=\"giamr-can-hieu-qua-nho-vao-rau-rocket\" style=\"font-size: 24.375px;text-align: justify;\"><b><strong>Giamr cân hiệu quả nhờ vào rau rocket</strong></b></h3><p style=\"font-size: 18.75px;text-align: justify;\"><em>+ Hỗ trợ giảm cân</em>: Rau rocket có tác dụng giảm cân cực kì hiệu quả, loại rau này thường được người ta sử dụng để ăn kiêng. Lí do thứ nhất là loại rau này chứa rất ít calo. Lí do thứ hai là loại rau này rất dồi dào chất xơ, chất xơ có tác dụng kiểm soát cân nặng cực kì hiệu quả. Bên cạnh công dụng giảm cân thì rau rocket còn rất tốt cho đường ruột và đào thải các chất độc, chất cặn bã ra khỏi cơ thể. </p><p style=\"font-size: 18.75px;text-align: justify;\"><em>+ Ngăn ngừa ung thư</em>: Ngoài các loại rau có thể chống lại căn bệnh ung thư quái ác, như: Cải bắp, bông cải xanh, súp lơ,... thì hiện nay có thêm cả rau rocket nữa. Nhờ vào hàm lượng chất xơ và các chất chống oxy hóa, các loại chất này có tác dụng ngăn ngừa các tác nhân gây bệnh ung thư vú, tuyến tụy , tuyến phổi, tuyến tiền liệt, tuyến phổi,...  </p><p style=\"font-size: 18.75px;text-align: justify;\"> <em>+ Bảo vệ não</em>: Rau rocket có tác dụng bảo vệ não nhờ vào hàm lượng folate.</p><p style=\"font-size: 18.75px;text-align: justify;\"><em>+ Giảm viêm</em>: Nhờ vào hàm lượng các chất như indole-3-carbinol và isothiocyanates, đây là 2 hợp chất có tác dụng kháng viêm cực kì hiệu quả và cung cấp năng lượng cho cơ thể.  </p><!--EndFragment--><p><br/></p><p><br/></p>','https://res.cloudinary.com/lancloudshop/image/upload/v1639903225/vjgtu2zxrlbu7n9rmteo.jpg','Rau Rocket có tên gọi khoa học Arugula. Loại rau này thường được dùng trong các món salad trộn. Rau rocket chứa rất nhiều chất dinh dưỡng, chính vì điều đó nên loại rau này được rất nhiều người ưa chuộng. Rau xà lách có nguồn gốc ở phương tây và mới du nhập vào Việt Nam bằng những món salad. Chắc hẳn nhiều người vẫn chưa biết nhiều về loại rau này. Dưới đây VGreens sẽ giải đáp tất cả các câu hỏi mà mọi người thắc mắc như : Rau rocket là rau gì, có tác dụng gì, mua ở đâu ?','RAU XÀ LÁCH ROCKET LÀ GÌ? NÓ CÓ TÁC DỤNG GÌ?','http://localhost:8080/vgreens/admin/post-management/12','213',NULL),(13,'2021-12-19 15:40:25','<p><br/></p><!--StartFragment--><p style=\"text-align: left;font-size: 18.75px;\"><a href=\"https://nongsandungha.com/thuc-pham/nam-huong-rung\"><strong>Nấm hương khô </strong></a>là 1 loại nguyên liệu phổ biến dùng trong các bữa ăn hàng ngày. Để bảo quản loại thực phẩm này, cần có 1 số bí kíp nho nhỏ mà mình chia sẻ trong bài viết ngày hôm nay. Tiện thể, mình sẽ chia sẻ thêm những mẹo nho nhỏ để bảo quản 1 số loại thực phẩm khô, các nàng cùng tham khảo nhé Mẹo bảo quản Nấm hương khô !Cách bảo quản Nấm hương khô tại nhà thơm lâu</p><p style=\"text-align: left;font-size: 18.75px;\">Trước tiên khi bảo quản Nấm hương khô thì lúc mua chị em cũng cần mua loại Nấm hương khô ngon, tốt. Chọn những cây nấm “cúc áo” - là Nấm hương khô vừa nhỏ, chân nhỏ, mình dày. Nấm có màu hơi nâu, dày to đều nhau, có mùi thơm đặc trưng của Nấm hương và sờ khô tay. Không chọn những cây nấm ẩm ướt, hay mốc, có mùi lạ. Để Nấm hương khô có mùi thơm lâu, lại không bị ẩm mốc, mọt, chị em hãy cho Nấm hương khô vào hộp nhựa hoặc túi nilon, cất ở những nơi khô ráo, tránh những nơi quá nóng hoặc ẩm thấp nhé!</p><p style=\"text-align: left;font-size: 18.75px;\">Cách bảo quản Nấm hương khô tại nhà thơm lâu.Nhiều chị em còn mách  <a href=\"https://nongsandungha.com/cach-chon-nam-huong-rung-chuan-thom-ngon.html\"><strong>cách chọn nấm hương</strong></a> cách bảo quản Nấm hương khô khác là cho Nấm hương khô vào túi nilon, túi bóng kính hoặc túi ziplog càng tốt, bộc chặt rồi cho vào giá chỗ cánh cửa tủ lạnh (ngăn mát), sẽ tránh được mốc mà giữ mùi thơm rất lâu. Bạn muốn mua nấm hương khô mách nhỏ một địa chỉ bán sỉ lẻ nấm hương khô tại Đà Nẵng</p><!--EndFragment--><p><br/></p><p><br/></p><p><br/></p>','https://res.cloudinary.com/lancloudshop/image/upload/v1639903225/vjgtu2zxrlbu7n9rmteo.jpg','Cách bảo quản Nấm hương khô tại nhà thơm lâu Nấm hương khô là 1 loại nguyên liệu phổ biến dùng trong các bữa ăn hàng ngày. Để bảo quản loại thực phẩm này, cần có 1 số bí kíp nho nhỏ mà mình chia sẻ trong bài viết ngày hôm nay. Tiện thể, mình sẽ chia sẻ thêm những mẹo nho nhỏ để bảo quản 1 số loại thực phẩm khô, các nàng cùng tham khảo nhé Mẹo bảo quản Nấm hương khô !','CÁCH BẢO QUẢN NẤM HƯƠNG KHÔ TẠI NHÀ THƠM LÂU','http://localhost:8080/vgreens/admin/post-management/13','4656',NULL),(14,'2021-12-19 15:53:01','<p><br/></p><!--StartFragment--><h2 id=\"rau-don-la-rau-gi\" style=\"font-size: 27.1875px;text-align: justify;\"><b>Rau dớn là rau gì?</b></h2><p style=\"font-size: 18.75px;text-align: justify;\">Núi rừng Tây Bắc luôn ẩn chứa những món quà độc đáo. Các loại <a href=\"https://nongsandungha.com/danh-muc/dac-san-vung-mien\" target=\"_blank\" rel=\"noopener\"><strong>rau đặc sản</strong></a> nức tiếng ai ai cũng muốn thưởng thức để rồi ăn một lần nhớ mãi. <a href=\"https://nongsandungha.com/thuc-pham/rau-don\" target=\"_blank\" rel=\"noopener noreferrer\"><strong>Rau dớn</strong></a> là một trong những loại rau như vậy. Rau dớn còn gọi là <strong>rau dớn rừng, rau thái quyết, dáng song quần rau</strong></p><p style=\"font-size: 18.75px;text-align: justify;\">Sinh ra ở núi rừng tây bắc bên các bìa rừng. Bờ suối bờ khe hay dễ tìm thấy ở dưới những tán rừng thấp có độ ẩm ướt cao đặc biệt vào mùa mưa là mùa<a href=\"https://nongsandungha.com/rau-don-rung-tay-nguyen.html\" target=\"_blank\" rel=\"noopener\"><strong> rau dớn</strong></a> mọc nhiều hầu hết ở các vùng núi nước ta.</p><p style=\"font-size: 18.75px;text-align: justify;\">Đến với tây bắc đi qua sông những vùng Tây Giang, những ghềnh đá Sông Tranh, Đà Nẵng…bạn sẽ không khó để nhìn thấy những hình ảnh<a href=\"https://nongsandungha.com/rau-don-rung-tay-nguyen.html\"><strong> rau dớn rừng</strong></a> này ở khắp mọi nơi.</p><p style=\"font-size: 18.75px;text-align: justify;\">Xem thêm: <a href=\"https://nongsandungha.com/cac-mon-an-ngon-tu-rau-don.html\" target=\"_blank\" rel=\"noopener\"><strong>Bật mí 6 món ăn được chế biến từ rau dơn cực ngon</strong></a></p><h2 id=\"rau-don-co-the-che-bien-thanh-nhieu-mon-an-ngon\" style=\"font-size: 27.1875px;text-align: justify;\"><b><strong>Rau dớn có thể chế biến thành nhiều món ăn ngon</strong></b></h2><p style=\"font-size: 18.75px;text-align: justify;\">Vào mùa, khi thời kì chiến tranh các chiến sĩ coi đây là một món ngon đổi vị <strong>cung cấp dinh dưỡng hiệu quả</strong> vì cách chế biến cũng đơn giản chỉ cần <strong>luộc rau dớn</strong> lên hoặc thêm vài nhánh tỏi đập dập là có thể thưởng thức <a href=\"https://nongsandungha.com/rau-don-rung-tay-nguyen.html\"><strong>món ăn từ rau dớn</strong></a>, lạ miệng mà lại dễ làm. Từ lâu, người dân miền núi đã dùng <a href=\"https://nongsandungha.com/rau-don-rung-tay-nguyen.html\"><strong>rau dớn</strong></a> để làm món ăn hàng ngày thơm ngon, bồi dưỡng.</p><blockquote><blockquote><blockquote><blockquote><p style=\"font-size: 18.75px;text-align: justify;\"></p><blockquote><p style=\"font-size: 18.75px;text-align: justify;\"><img class=\"aligncenter size-full wp-image-24192\" src=\"https://admin.nongsandungha.com/wp-content/uploads/2016/06/rau-don-1.jpg\" alt=\"rau don\" width=\"500\" height=\"341\" style=\"vertical-align: middle;\"/></p></blockquote><p></p></blockquote></blockquote></blockquote></blockquote><p style=\"font-size: 18.75px;text-align: justify;\"><a href=\"https://nongsandungha.com/rau-don-rung-tay-nguyen.html\"><b>Chế biến món ăn từ rau dớn</b></a> có thể kết hợp với nhiều món ăn khác. Tùy theo gu của mỗi người mà chế biến sao cho hợp, có thể luộc, làm <strong>rau dớn xào</strong>. Rau dớn rừng được mọi người rất ưa thích bởi tính hàn và những công dụng tuyệt vời của những cánh <strong>rau dớn rừng </strong>này.</p><h2 id=\"tac-dung-cua-rau-ron\" style=\"font-size: 27.1875px;text-align: justify;\"><b><strong>Tác dụng của rau rớn</strong></b></h2><p style=\"font-size: 18.75px;text-align: justify;\"><a href=\"https://nongsandungha.com/tac-dung-cua-rau-don-khong-phai-ai-cung-biet.html\"><strong>Rau dớn có tác dụng gì?</strong></a> có lẽ đây là câu hỏi được nhiều người quan tâm nhất khi nói tới rau đớn. Đến từ vùng đất xa xôi, lá rau dớn non uốn cong như vòi của con voi của đồng bào người Tây Nguyên, có nhựa nhớt,  để chế biến rau thành nhiều món ăn ngon thì bạn chỉ nên cấu lấy phần lá cong non thôi nhé.</p><p style=\"font-size: 18.75px;text-align: justify;\">Đối với đồng bào người Tây Nguyên, <strong>Rau dớn</strong> là &#34;vua&#34; của các loại rau. Món này có vị thơm, giòn tươi, đặc biệt chúng rất giàu dinh dưỡng. <a href=\"https://nongsandungha.com/thuc-pham/rau-don\"><strong>Rau dớn rừng</strong></a> có tính mát, tác dụng làm giảm các vết đau âm ỷ do viêm đại tràng, giúp lợi tiểu, chống táo bón, giúp bạn có giấc ngủ sâu và ngon hơn.</p><p style=\"font-size: 18.75px;text-align: justify;\"><a href=\"https://nongsandungha.com/rau-don-rung-tay-nguyen.html\" target=\"_blank\" rel=\"noopener\"><strong>Rau dớn</strong></a> có đặc tính rất lành và an toàn toàn vì rau mọc tự nhiên trong rừng không có chất kích thích hay chất tăng trưởng.</p><p style=\"font-size: 18.75px;text-align: justify;\">Nếu bạn đang không biết lựa chọn loại rau để ăn, rau dớn sẽ là một sự lựa chọn tuyệt vời cho bạn.</p><!--EndFragment--><p><br/></p><p><br/></p>','https://res.cloudinary.com/lancloudshop/image/upload/v1639904062/funwbp7owk2yv96b4e4g.jpg','Rau dớn là rau gì? Núi rừng Tây Bắc luôn ẩn chứa những món quà độc đáo. Các loại rau đặc sản nức tiếng ai ai cũng muốn thưởng thức để rồi ăn một lần nhớ mãi. Rau dớn là một trong những loại rau như vậy. Rau dớn còn gọi là rau dớn rừng, rau thái quyết, dáng song quần rau','RAU DỚN LÀ GÌ? - HƯƠNG VỊ NÚI RỪNG TÂY NGUYÊN','http://localhost:8080/vgreens/admin/post-management/14','1345',NULL);
/*!40000 ALTER TABLE `post_foods` ENABLE KEYS */;
UNLOCK TABLES;

--
-- Table structure for table `product_foods_tag`
--

DROP TABLE IF EXISTS `product_foods_tag`;
/*!40101 SET @saved_cs_client     = @@character_set_client */;
/*!50503 SET character_set_client = utf8mb4 */;
CREATE TABLE `product_foods_tag` (
  `postfoods_id` int NOT NULL,
  `id` int NOT NULL,
  PRIMARY KEY (`postfoods_id`,`id`),
  KEY `FK5dmtb75fry4y6wkcbkvaia4cl` (`id`),
  CONSTRAINT `FK5dmtb75fry4y6wkcbkvaia4cl` FOREIGN KEY (`id`) REFERENCES `products` (`id`),
  CONSTRAINT `FKlmm5ncyfbef8n4lttusnmvm2t` FOREIGN KEY (`postfoods_id`) REFERENCES `post_foods` (`postfoods_id`)
) ENGINE=InnoDB DEFAULT CHARSET=utf8mb4 COLLATE=utf8mb4_0900_ai_ci;
/*!40101 SET character_set_client = @saved_cs_client */;

--
-- Dumping data for table `product_foods_tag`
--

LOCK TABLES `product_foods_tag` WRITE;
/*!40000 ALTER TABLE `product_foods_tag` DISABLE KEYS */;
INSERT INTO `product_foods_tag` VALUES (2,2),(3,2),(2,51);
/*!40000 ALTER TABLE `product_foods_tag` ENABLE KEYS */;
UNLOCK TABLES;

--
-- Table structure for table `product_reviews`
--

DROP TABLE IF EXISTS `product_reviews`;
/*!40101 SET @saved_cs_client     = @@character_set_client */;
/*!50503 SET character_set_client = utf8mb4 */;
CREATE TABLE `product_reviews` (
  `id` int NOT NULL AUTO_INCREMENT,
  `comment` varchar(500) NOT NULL,
  `created_time` datetime NOT NULL,
  `rating` float NOT NULL,
  `title` varchar(100) NOT NULL,
  `updated_time` datetime DEFAULT NULL,
  `username` varchar(24) NOT NULL,
  `product_id` int DEFAULT NULL,
  `order_id` int DEFAULT NULL,
  PRIMARY KEY (`id`),
  KEY `FK35kxxqe2g9r4mww80w9e3tnw9` (`product_id`),
  CONSTRAINT `FK35kxxqe2g9r4mww80w9e3tnw9` FOREIGN KEY (`product_id`) REFERENCES `products` (`id`)
) ENGINE=InnoDB AUTO_INCREMENT=114 DEFAULT CHARSET=utf8mb4 COLLATE=utf8mb4_0900_ai_ci;
/*!40101 SET character_set_client = @saved_cs_client */;

--
-- Dumping data for table `product_reviews`
--

LOCK TABLES `product_reviews` WRITE;
/*!40000 ALTER TABLE `product_reviews` DISABLE KEYS */;
INSERT INTO `product_reviews` VALUES (2,'Đồ Ngon sạch lắm shop ạ','2021-12-09 11:26:00',4,'Rating','2021-12-09 11:26:00','ahopcustomer1',2,NULL),(3,'Sản phẩm sạch sẽ','2021-12-09 13:26:00',5,'Rating','2021-12-09 13:26:00','hieucustomer1',1,NULL),(4,'quá chất lượng','2021-12-09 13:26:00',3,'Rating','2021-12-09 13:26:00','lancustomer1',1,NULL),(5,'Sản phẩm sạch sẽ','2021-12-09 13:26:00',5,'Rating','2021-12-09 13:26:00','hieucustomer1',2,NULL),(6,'giao hàng chập, ghét cho 1 sao','2021-12-09 13:26:00',1,'Rating','2021-12-09 13:26:00','thanhcustomer1',2,NULL),(7,'Đồ ngon quá ò, love shop','2021-12-09 13:26:00',5,'Rating','2021-12-09 13:26:00','tancustomer1',2,NULL),(8,'đồ chất lượng lắm shop','2021-12-09 13:26:00',5,'Rating','2021-12-09 13:26:00','lancustomer1',2,NULL),(9,'Đồ Ngon sạch lắm shop ạ','2021-12-09 11:26:00',4,'Rating','2021-12-09 11:26:00','ahopcustomer1',3,NULL),(10,'Shop tư vấn không nhiệt tình ghét cho 1 sao','2021-12-09 11:26:00',1,'Rating','2021-12-09 11:26:00','lancustomer1',3,NULL),(11,'Sản phẩm rẻ quá ò','2021-12-09 11:26:00',4,'Rating','2021-12-09 11:26:00','hieucustomer1',3,NULL),(12,'nghe tên shop là thấy xịn rồi nên cho 5 sao nhé','2021-12-09 11:26:00',5,'Rating','2021-12-09 11:26:00','tancustomer1',3,NULL),(13,'Shop gì kỳ lạ','2021-12-09 11:26:00',1,'Rating','2021-12-09 11:26:00','thanhcustomer1',3,NULL),(14,'Đồ Ngon sạch lắm shop ạ','2021-12-09 11:26:00',4,'Rating','2021-12-09 11:26:00','ahopcustomer1',4,NULL),(15,'Shop tư vấn không nhiệt tình ghét cho 1 sao','2021-12-09 11:26:00',1,'Rating','2021-12-09 11:26:00','lancustomer1',4,NULL),(16,'Sản phẩm rẻ quá ò','2021-12-09 11:26:00',4,'Rating','2021-12-09 11:26:00','hieucustomer1',4,NULL),(17,'nghe tên shop là thấy xịn rồi nên cho 5 sao nhé','2021-12-09 11:26:00',5,'Rating','2021-12-09 11:26:00','tancustomer1',4,NULL),(18,'Shop gì kỳ lạ','2021-12-09 11:26:00',1,'Rating','2021-12-09 11:26:00','thanhcustomer1',4,NULL),(19,'Đồ Ngon sạch lắm shop ạ','2021-12-09 11:26:00',4,'Rating','2021-12-09 11:26:00','ahopcustomer1',5,NULL),(20,'Shop tư vấn không nhiệt tình ghét cho 1 sao','2021-12-09 11:26:00',1,'Rating','2021-12-09 11:26:00','lancustomer1',5,NULL),(21,'Sản phẩm rẻ quá ò','2021-12-09 11:26:00',4,'Rating','2021-12-09 11:26:00','hieucustomer1',5,NULL),(22,'nghe tên shop là thấy xịn rồi nên cho 5 sao nhé','2021-12-09 11:26:00',5,'Rating','2021-12-09 11:26:00','tancustomer1',5,NULL),(24,'Đồ Ngon sạch lắm shop ạ','2021-12-09 11:26:00',4,'Rating','2021-12-09 11:26:00','ahopcustomer1',6,NULL),(25,'Shop tư vấn không nhiệt tình ghét cho 1 sao','2021-12-09 11:26:00',1,'Rating','2021-12-09 11:26:00','lancustomer1',6,NULL),(26,'Sản phẩm rẻ quá ò','2021-12-09 11:26:00',4,'Rating','2021-12-09 11:26:00','hieucustomer1',6,NULL),(27,'nghe tên shop là thấy xịn rồi nên cho 5 sao nhé','2021-12-09 11:26:00',5,'Rating','2021-12-09 11:26:00','tancustomer1',6,NULL),(28,'Shop gì kỳ lạ','2021-12-09 11:26:00',1,'Rating','2021-12-09 11:26:00','thanhcustomer1',6,NULL),(29,'Đồ Ngon sạch lắm shop ạ','2021-12-09 11:26:00',4,'Rating','2021-12-09 11:26:00','ahopcustomer1',7,NULL),(30,'Shop tư vấn không nhiệt tình ghét cho 1 sao','2021-12-09 11:26:00',1,'Rating','2021-12-09 11:26:00','lancustomer1',7,NULL),(31,'Sản phẩm rẻ quá ò','2021-12-09 11:26:00',4,'Rating','2021-12-09 11:26:00','hieucustomer1',7,NULL),(32,'nghe tên shop là thấy xịn rồi nên cho 5 sao nhé','2021-12-09 11:26:00',5,'Rating','2021-12-09 11:26:00','tancustomer1',7,NULL),(33,'Shop gì kỳ lạ','2021-12-09 11:26:00',1,'Rating','2021-12-09 11:26:00','thanhcustomer1',7,NULL),(34,'Đồ Ngon sạch lắm shop ạ','2021-12-09 11:26:00',4,'Rating','2021-12-09 11:26:00','ahopcustomer1',8,NULL),(35,'Shop tư vấn không nhiệt tình ghét cho 1 sao','2021-12-09 11:26:00',1,'Rating','2021-12-09 11:26:00','lancustomer1',8,NULL),(36,'Sản phẩm rẻ quá ò','2021-12-09 11:26:00',4,'Rating','2021-12-09 11:26:00','hieucustomer1',8,NULL),(37,'nghe tên shop là thấy xịn rồi nên cho 5 sao nhé','2021-12-09 11:26:00',5,'Rating','2021-12-09 11:26:00','tancustomer1',8,NULL),(38,'Shop gì kỳ lạ','2021-12-09 11:26:00',1,'Rating','2021-12-09 11:26:00','thanhcustomer1',8,NULL),(39,'Đồ Ngon sạch lắm shop ạ','2021-12-09 11:26:00',4,'Rating','2021-12-09 11:26:00','ahopcustomer1',9,NULL),(40,'Shop tư vấn không nhiệt tình ghét cho 1 sao','2021-12-09 11:26:00',1,'Rating','2021-12-09 11:26:00','lancustomer1',9,NULL),(41,'Sản phẩm rẻ quá ò','2021-12-09 11:26:00',4,'Rating','2021-12-09 11:26:00','hieucustomer1',9,NULL),(42,'nghe tên shop là thấy xịn rồi nên cho 5 sao nhé','2021-12-09 11:26:00',5,'Rating','2021-12-09 11:26:00','tancustomer1',9,NULL),(43,'Shop gì kỳ lạ','2021-12-09 11:26:00',1,'Rating','2021-12-09 11:26:00','thanhcustomer1',9,NULL),(44,'Đồ Ngon sạch lắm shop ạ','2021-12-09 11:26:00',4,'Rating','2021-12-09 11:26:00','ahopcustomer1',10,NULL),(45,'Shop tư vấn không nhiệt tình ghét cho 1 sao','2021-12-09 11:26:00',1,'Rating','2021-12-09 11:26:00','lancustomer1',10,NULL),(46,'Sản phẩm rẻ quá ò','2021-12-09 11:26:00',4,'Rating','2021-12-09 11:26:00','hieucustomer1',10,NULL),(47,'nghe tên shop là thấy xịn rồi nên cho 5 sao nhé','2021-12-09 11:26:00',5,'Rating','2021-12-09 11:26:00','tancustomer1',10,NULL),(48,'Shop gì kỳ lạ','2021-12-09 11:26:00',1,'Rating','2021-12-09 11:26:00','thanhcustomer1',10,NULL),(49,'Đồ Ngon sạch lắm shop ạ','2021-12-09 11:26:00',4,'Rating','2021-12-09 11:26:00','ahopcustomer1',11,NULL),(50,'Shop tư vấn không nhiệt tình ghét cho 1 sao','2021-12-09 11:26:00',1,'Rating','2021-12-09 11:26:00','lancustomer1',11,NULL),(51,'Sản phẩm rẻ quá ò','2021-12-09 11:26:00',4,'Rating','2021-12-09 11:26:00','hieucustomer1',11,NULL),(52,'nghe tên shop là thấy xịn rồi nên cho 5 sao nhé','2021-12-09 11:26:00',5,'Rating','2021-12-09 11:26:00','tancustomer1',11,NULL),(53,'Shop gì kỳ lạ','2021-12-09 11:26:00',1,'Rating','2021-12-09 11:26:00','thanhcustomer1',11,NULL),(54,'Đồ Ngon sạch lắm shop ạ','2021-12-09 11:26:00',4,'Rating','2021-12-09 11:26:00','ahopcustomer1',12,NULL),(55,'Shop tư vấn không nhiệt tình ghét cho 1 sao','2021-12-09 11:26:00',1,'Rating','2021-12-09 11:26:00','lancustomer1',12,NULL),(56,'Sản phẩm rẻ quá ò','2021-12-09 11:26:00',4,'Rating','2021-12-09 11:26:00','hieucustomer1',12,NULL),(57,'nghe tên shop là thấy xịn rồi nên cho 5 sao nhé','2021-12-09 11:26:00',5,'Rating','2021-12-09 11:26:00','tancustomer1',12,NULL),(58,'Shop gì kỳ lạ','2021-12-09 11:26:00',1,'Rating','2021-12-09 11:26:00','thanhcustomer1',12,NULL),(59,'Đồ Ngon sạch lắm shop ạ','2021-12-09 11:26:00',4,'Rating','2021-12-09 11:26:00','ahopcustomer1',13,NULL),(60,'Shop tư vấn không nhiệt tình ghét cho 1 sao','2021-12-09 11:26:00',1,'Rating','2021-12-09 11:26:00','lancustomer1',13,NULL),(61,'Sản phẩm rẻ quá ò','2021-12-09 11:26:00',4,'Rating','2021-12-09 11:26:00','hieucustomer1',13,NULL),(62,'nghe tên shop là thấy xịn rồi nên cho 5 sao nhé','2021-12-09 11:26:00',5,'Rating','2021-12-09 11:26:00','tancustomer1',13,NULL),(63,'Shop gì kỳ lạ','2021-12-09 11:26:00',1,'Rating','2021-12-09 11:26:00','thanhcustomer1',13,NULL),(64,'Đồ Ngon sạch lắm shop ạ','2021-12-09 11:26:00',4,'Rating','2021-12-09 11:26:00','ahopcustomer1',14,NULL),(65,'Shop tư vấn không nhiệt tình ghét cho 1 sao','2021-12-09 11:26:00',1,'Rating','2021-12-09 11:26:00','lancustomer1',14,NULL),(66,'Sản phẩm rẻ quá ò','2021-12-09 11:26:00',4,'Rating','2021-12-09 11:26:00','hieucustomer1',14,NULL),(67,'nghe tên shop là thấy xịn rồi nên cho 5 sao nhé','2021-12-09 11:26:00',5,'Rating','2021-12-09 11:26:00','tancustomer1',14,NULL),(68,'Shop gì kỳ lạ','2021-12-09 11:26:00',1,'Rating','2021-12-09 11:26:00','thanhcustomer1',14,NULL),(69,'Đồ Ngon sạch lắm shop ạ','2021-12-09 11:26:00',4,'Rating','2021-12-09 11:26:00','ahopcustomer1',15,NULL),(70,'Shop tư vấn không nhiệt tình ghét cho 1 sao','2021-12-09 11:26:00',1,'Rating','2021-12-09 11:26:00','lancustomer1',15,NULL),(71,'Sản phẩm rẻ quá ò','2021-12-09 11:26:00',4,'Rating','2021-12-09 11:26:00','hieucustomer1',15,NULL),(72,'nghe tên shop là thấy xịn rồi nên cho 5 sao nhé','2021-12-09 11:26:00',5,'Rating','2021-12-09 11:26:00','tancustomer1',15,NULL),(73,'Shop gì kỳ lạ','2021-12-09 11:26:00',1,'Rating','2021-12-09 11:26:00','thanhcustomer1',15,NULL),(74,'Đồ Ngon sạch lắm shop ạ','2021-12-09 11:26:00',4,'Rating','2021-12-09 11:26:00','ahopcustomer1',16,NULL),(75,'Shop tư vấn không nhiệt tình ghét cho 1 sao','2021-12-09 11:26:00',1,'Rating','2021-12-09 11:26:00','lancustomer1',16,NULL),(76,'Sản phẩm rẻ quá ò','2021-12-09 11:26:00',4,'Rating','2021-12-09 11:26:00','hieucustomer1',16,NULL),(77,'nghe tên shop là thấy xịn rồi nên cho 5 sao nhé','2021-12-09 11:26:00',5,'Rating','2021-12-09 11:26:00','tancustomer1',16,NULL),(78,'Shop gì kỳ lạ','2021-12-09 11:26:00',1,'Rating','2021-12-09 11:26:00','thanhcustomer1',16,NULL),(79,'Đồ Ngon sạch lắm shop ạ','2021-12-09 11:26:00',4,'Rating','2021-12-09 11:26:00','ahopcustomer1',17,NULL),(80,'Shop tư vấn không nhiệt tình ghét cho 1 sao','2021-12-09 11:26:00',1,'Rating','2021-12-09 11:26:00','lancustomer1',17,NULL),(81,'Sản phẩm rẻ quá ò','2021-12-09 11:26:00',4,'Rating','2021-12-09 11:26:00','hieucustomer1',17,NULL),(82,'nghe tên shop là thấy xịn rồi nên cho 5 sao nhé','2021-12-09 11:26:00',5,'Rating','2021-12-09 11:26:00','tancustomer1',17,NULL),(83,'Shop gì kỳ lạ','2021-12-09 11:26:00',1,'Rating','2021-12-09 11:26:00','thanhcustomer1',17,NULL),(84,'Đồ Ngon sạch lắm shop ạ','2021-12-09 11:26:00',4,'Rating','2021-12-09 11:26:00','ahopcustomer1',18,NULL),(85,'Shop tư vấn không nhiệt tình ghét cho 1 sao','2021-12-09 11:26:00',1,'Rating','2021-12-09 11:26:00','lancustomer1',18,NULL),(86,'Sản phẩm rẻ quá ò','2021-12-09 11:26:00',4,'Rating','2021-12-09 11:26:00','hieucustomer1',18,NULL),(87,'nghe tên shop là thấy xịn rồi nên cho 5 sao nhé','2021-12-09 11:26:00',5,'Rating','2021-12-09 11:26:00','tancustomer1',18,NULL),(88,'Shop gì kỳ lạ','2021-12-09 11:26:00',1,'Rating','2021-12-09 11:26:00','thanhcustomer1',18,NULL),(89,'Đồ Ngon sạch lắm shop ạ','2021-12-09 11:26:00',4,'Rating','2021-12-09 11:26:00','ahopcustomer1',19,NULL),(90,'Shop tư vấn không nhiệt tình ghét cho 1 sao','2021-12-09 11:26:00',1,'Rating','2021-12-09 11:26:00','lancustomer1',19,NULL),(91,'Sản phẩm rẻ quá ò','2021-12-09 11:26:00',4,'Rating','2021-12-09 11:26:00','hieucustomer1',19,NULL),(92,'nghe tên shop là thấy xịn rồi nên cho 5 sao nhé','2021-12-09 11:26:00',5,'Rating','2021-12-09 11:26:00','tancustomer1',19,NULL),(93,'Shop gì kỳ lạ','2021-12-09 11:26:00',1,'Rating','2021-12-09 11:26:00','thanhcustomer1',19,NULL),(94,'Đồ Ngon sạch lắm shop ạ','2021-12-09 11:26:00',4,'Rating','2021-12-09 11:26:00','ahopcustomer1',20,NULL),(95,'Shop tư vấn không nhiệt tình ghét cho 1 sao','2021-12-09 11:26:00',1,'Rating','2021-12-09 11:26:00','lancustomer1',20,NULL),(96,'Sản phẩm rẻ quá ò','2021-12-09 11:26:00',4,'Rating','2021-12-09 11:26:00','hieucustomer1',20,NULL),(97,'nghe tên shop là thấy xịn rồi nên cho 5 sao nhé','2021-12-09 11:26:00',5,'Rating','2021-12-09 11:26:00','tancustomer1',20,NULL),(98,'Shop gì kỳ lạ','2021-12-09 11:26:00',1,'Rating','2021-12-09 11:26:00','thanhcustomer1',20,NULL),(100,'quá là tệ','2021-12-17 15:01:26',1,'Review','2021-12-20 13:56:44','vgreensadmin',2,3),(101,'bơ bơ','2021-12-17 15:05:37',5,'Review','2021-12-17 15:05:37','ahopcustomer1',2,4),(102,'bánh tráng','2021-12-17 15:06:11',2,'Review','2021-12-17 15:06:11','ahopcustomer1',15,4),(103,'bắp bò úc tơi','2021-12-17 15:06:33',1,'Review','2021-12-17 15:06:33','ahopcustomer1',51,4),(104,'Bí xanh','2021-12-17 15:06:53',1,'Review','2021-12-17 15:06:53','ahopcustomer1',40,4),(106,'bột cà rốt','2021-12-17 15:12:49',3,'Review','2021-12-17 15:12:49','ahopcustomer1',17,4),(107,'cá hồi','2021-12-17 19:47:14',3,'Review','2021-12-17 19:47:14','lancustomer1',48,9),(108,'cá cơm','2021-12-17 19:47:26',5,'Review','2021-12-17 19:47:26','lancustomer1',22,9),(109,'cá ba sa','2021-12-17 19:47:35',2,'Review','2021-12-17 19:47:35','lancustomer1',10,9),(110,'hàng rất ngon','2021-12-19 20:21:14',3,'Review','2021-12-19 20:21:14','landemo2',10,36),(111,'đồ dở ẹc','2021-12-19 20:21:25',4,'Review','2021-12-19 20:21:25','landemo2',9,36),(112,'đúng rồi','2021-12-19 21:20:44',3,'Review','2021-12-19 21:20:44','lancustomer1',15,8),(113,'hảo cá','2021-12-20 13:59:22',5,'Review','2021-12-20 14:01:29','landemo2',11,36);
/*!40000 ALTER TABLE `product_reviews` ENABLE KEYS */;
UNLOCK TABLES;

--
-- Table structure for table `products`
--

DROP TABLE IF EXISTS `products`;
/*!40101 SET @saved_cs_client     = @@character_set_client */;
/*!50503 SET character_set_client = utf8mb4 */;
CREATE TABLE `products` (
  `id` int NOT NULL AUTO_INCREMENT,
  `available` bit(1) NOT NULL,
  `available_discount` bit(1) DEFAULT NULL,
  `created_date` date NOT NULL,
  `description` varchar(10000) NOT NULL,
  `image` varchar(255) NOT NULL,
  `name` varchar(64) NOT NULL,
  `update_date` date DEFAULT NULL,
  `categoryid` int NOT NULL,
  `consignment_id` int NOT NULL,
  `discount_id` int DEFAULT NULL,
  `unit_id` int NOT NULL,
  PRIMARY KEY (`id`),
  KEY `FK1krrsjgcawsfg8k8u4hm5gi8q` (`categoryid`),
  KEY `FKser2mgff3ntdle013j17nx058` (`consignment_id`),
  KEY `FK5cyj7v7fvm60i2ubciqfo2wxm` (`discount_id`),
  KEY `FKeex0i50vfsa5imebrfdiyhmp9` (`unit_id`),
  CONSTRAINT `FK1krrsjgcawsfg8k8u4hm5gi8q` FOREIGN KEY (`categoryid`) REFERENCES `categories` (`id`),
  CONSTRAINT `FK5cyj7v7fvm60i2ubciqfo2wxm` FOREIGN KEY (`discount_id`) REFERENCES `discounts` (`id`),
  CONSTRAINT `FKeex0i50vfsa5imebrfdiyhmp9` FOREIGN KEY (`unit_id`) REFERENCES `units` (`id`),
  CONSTRAINT `FKser2mgff3ntdle013j17nx058` FOREIGN KEY (`consignment_id`) REFERENCES `consignments` (`id`)
) ENGINE=InnoDB AUTO_INCREMENT=62 DEFAULT CHARSET=utf8mb4 COLLATE=utf8mb4_0900_ai_ci;
/*!40101 SET character_set_client = @saved_cs_client */;

--
-- Dumping data for table `products`
--

LOCK TABLES `products` WRITE;
/*!40000 ALTER TABLE `products` DISABLE KEYS */;
INSERT INTO `products` VALUES (1,_binary '\0',NULL,'2021-12-16','Xoài cát Hòa Lộc loại đặc biệt là loại quả có hình dáng thuôn dài, mình tròn và đỉnh quả hơi nhọn. Loại quả này có eo rốn quả khá rõ ràng, hơi bầu ở khu vực gần cuống. Về màu sắc khi quả chín có màu vàng tươi, thịt dày, độ mịn cao, ít xơ và có độ dẻo lý tưởng.','https://res.cloudinary.com/lancloudshop/image/upload/v1638967973/ifl4fwq0902gcuujjfz0.png','Xoài','2021-12-16',4,1,2,1),(2,_binary '\0',NULL,'2021-12-08','Bơ sáp 034 Lâm Đồng có da màu xanh bóng, vỏ mỏng, cơm vàng dày, chiều dài quả từ 20cm đến 25cm. Khi chín, bơ sáp 034 có màu xanh, vị ngọt béo, dẻo, rất ít xơ và không bị nước như những loại bơ sáp truyền thống. Bơ sáp 034 chứa rất nhiều chất dinh dưỡng, đặc biệt thích hợp cho bà bầu và những người bị bệnh đái tháo đường.\n\nGiống bơ sáp 034 được trồng đầu tiên tại Lâm Đồng, sau đó được trồng tại một số tỉnh khác như Đăk Lăk, Gia Lai, Bình Phước…Tuy nhiên, chỉ khi trồng ở Lâm Đồng, bơ sáp 034 mới đạt chất lượng cao nhất, quả bơ cho trái dài, to, cơm vàng, béo và dẻo thơm.','https://res.cloudinary.com/lancloudshop/image/upload/v1638968153/dyezlvsshtjgvrx50ghj.png','Bơ Bơ','2021-12-08',4,3,3,1),(3,_binary '\0',NULL,'2021-12-08','Khế chua nhiều','https://res.cloudinary.com/lancloudshop/image/upload/v1638968183/t6cekmjnxo8pqfowwtyt.png','Quả Khế','2021-12-08',4,4,NULL,1),(4,_binary '\0',NULL,'2021-12-08','Ai đã có dịp về mảnh đất đầy nắng và gió Hương Khê - Hà Tĩnh chắc chắn sẽ không quên được vị ngọt thơm của trái bưởi phúc trạch. Trái Bưởi Phúc Trạch là một trong 7 loại trái cây quý hiếm của Việt Nam. Ngày nay, Bưởi phúc trạch đã và đang trở thành thương hiệu nổi tiếng mà bất kỳ ai cũng muốn thưởng thức.','https://res.cloudinary.com/lancloudshop/image/upload/v1638968252/ayrlzqitfccj4vmxhxoe.png','Bưởi','2021-12-08',4,5,NULL,1),(5,_binary '',NULL,'2021-12-08','Nhãn  có tên khoa học là Dimocarpus longan, tiếng hán việt gọi là “long nhãn”. Đây là một loại trái cây điển hình của vùng nhiệt đới thuộc thân gỗ, sống lâu năm. Theo tổng hợp từ các địa phương, hiện nay Hưng Yên là nơi có diện tích trồng lớn nhất và cho chất lượng nhãn ngon nhất, hiện nay Hưng Yên có gần 4 nghìn ha nhãn, trong đó, diện tích cho thu hoạch khoảng 3 nghìn ha.\n\nHưng Yên được coi là cái nôi của nhãn lồng tiến vua nổi tiếng. Nhãn lồng Hưng Yên thường đạt sản lượng trên 30 nghìn tấn, tập trung chủ yếu ở xã Hồng Nam và huyện Khoái Châu.  Nơi đây vẫn giữ được giống nhãn lồng gốc, cho hương vị ngon nhất, cùi dầy giòn, vị ngọt sắc, hương thơm khó quên. Hạt nhãn nhỏ và dóc, sắc đen ánh nâu đỏ.','https://res.cloudinary.com/lancloudshop/image/upload/v1638975096/j4yrfm5huqbppsj8ucis.png','Nhãn','2021-12-08',4,7,2,1),(6,_binary '',NULL,'2021-12-08','Trên thị trường hiện nay, ngoài thịt lợn ra thì thịt bò cũng khá phổ biến với người tiêu dùng. Nhưng thịt bò cũng có quá nhiều lựa chọn: thịt mông, thịt vai, thịt thăn, nạm, sườn… Vậy bạn có biết đâu là phần thịt bò ngon nhất chưa?\n\nĐể trả lời câu hỏi trên Bác Tôm xin được đưa ra ngay câu trả lời đó là “Thịt bò thăn”. Đây là phần thịt bò được ưa chuộng nhất bởi thịt mềm và nhiều nạc nhất. Chính vì vậy giá thành thịt cũng cao nhất và quy trình để chế biến thịt thăn cũng đòi hỏi nhiều công phu, tỉ mỉ hơn.','https://res.cloudinary.com/lancloudshop/image/upload/v1638975172/oxmesx5z0tbazznm8d0f.jpg','Than Bò Mỹ','2021-12-08',3,13,NULL,1),(7,_binary '',NULL,'2021-12-08','Thịt ba chỉ lợn quế là phần thịt bụng của lợn quế, bao gồm các lớp thịt và mỡ phần xếp xen kẽ lên nhau thành nhiều lớp. Thịt ba chỉ quế là loại phổ biến và được ưa chuộng nhất nên cũng dễ dàng chế biến ba chỉ thành nhiều món như chiên, luộc, quay giòn, kho...','https://res.cloudinary.com/lancloudshop/image/upload/v1638975243/ne67m7g3vmvu1er09uid.jpg','Thịt Ba Chỉ Bò Mỹ','2021-12-08',3,14,NULL,1),(8,_binary '',NULL,'2021-12-08','Thịt bò là một loại thực phẩm tươi sống với nhiều giá trị dinh dưỡng và có thể dùng để chế biến rất nhiều món ăn thơm ngon, bổ dưỡng khác nhau. \n\nThịt bò nạc vai có tên tiếng Anh là  Beef Chuck Eyeroll, đây là phần thịt nằm ở phía trong cùng của vùng ức của con bò. Ở phần thịt này, tỷ lệ nạc, mỡ phân bố khá đều, thịt chắc mềm, mỡ trắng xen lẫn với các mô thịt nạc. Thịt ăn ngọt, đậm và có hương vị đặc trưng của thịt bò. Thịt bò nạc vai chế biến món gì ngon nhất?','https://res.cloudinary.com/lancloudshop/image/upload/v1638976642/qp67zv7jwacmejtes0ub.jpg','Thị Bò Nạt Vai','2021-12-08',3,15,NULL,1),(9,_binary '',NULL,'2021-12-08','cá ngon','https://res.cloudinary.com/lancloudshop/image/upload/v1638976727/yilmgnou9ollllwwemmb.jpg','Cá Ánh Vũ Tiên','2021-12-08',2,16,NULL,1),(10,_binary '',NULL,'2021-12-08','cá ba sa','https://res.cloudinary.com/lancloudshop/image/upload/v1638976812/k5dljynwa70ochtewems.jpg','Cá Ba Sa','2021-12-08',2,17,1,1),(11,_binary '',NULL,'2021-12-08','cá trác vàng','https://res.cloudinary.com/lancloudshop/image/upload/v1638976851/oiipplygczpz1cl2mwyq.jpg','Cá Trác Vàng Biển','2021-12-08',2,18,NULL,1),(12,_binary '\0',NULL,'2021-12-08','gẩu bò thái lát','https://res.cloudinary.com/lancloudshop/image/upload/v1638976910/kraysqxmhuenhyhpgzuj.jpg','Gẩu bò thái lát','2021-12-08',3,19,NULL,1),(13,_binary '',NULL,'2021-12-08','khô bò','https://res.cloudinary.com/lancloudshop/image/upload/v1638977027/iatxtzf6gsi7pjs43dyz.png','Khô Bò','2021-12-08',5,20,NULL,4),(14,_binary '',NULL,'2021-12-08','khô gà ngon','https://res.cloudinary.com/lancloudshop/image/upload/v1638977062/klvifbmu6wa3i7szzjbb.png','Khô Gà','2021-12-08',5,21,2,4),(15,_binary '\0',NULL,'2021-12-08','Bánh tráng hay còn được gọi là bánh đa nem. Nhắc đến nguyên liệu này là nhắc đến các món ăn hấp dẫn như chả ram, bánh tráng muối tôm, món cuốn,... Vậy loại bánh tráng nào ngon? Làm món gì cho mới lạ? Hãy cùng vgreens tìm hiểu trong bài viết dưới đây nhé.','https://res.cloudinary.com/lancloudshop/image/upload/v1638977141/ofwlbtka4qfbzui4urlk.jpg','Bánh Tráng Đá Nem','2021-12-08',5,22,NULL,5),(16,_binary '',NULL,'2021-12-08','Bột bạc hàkhá an toàn với những lợi ích sức khỏe của nó, vì nó không có tác dụng độc hại và sẵn có. Dưới đây là một số lợi ích của chúng:\n\nLàm giảm các vấn đề về đường hô hấp như hen suyễn, ho, tắc nghẽn và cảm lạnh.\nTốt cho các vấn đề về dạ dày như khó tiêu, chua, nhiễm trùng, đầy hơi, đau bụng, tiêu chảy, v.v.\nGiảm nguy cơ chuột rút có lợi trong việc giảm đau bụng và đau bụng kinh\nNó có tác dụng thư giãn - giảm đau đầu, đau nửa đầu và giảm căng thẳng và căng thẳng\nĐiều trị buồn nôn và nôn\nXơ vữa động mạch, bệnh tăng trương lực, bệnh thận và gan\nBột lá bạc hà còn hỗ trợ chăm sóc răng miệng vì nó có tác dụng diệt khuẩn và làm hơi thở thơm mát\nĐặc tính chữa lành vết thương tuyệt vời\nChất chống oxy hóa trong bạc hà giúp ngăn ngừa ung thư','https://res.cloudinary.com/lancloudshop/image/upload/v1638977188/ruviqcbqnvggbkgd6fzg.jpg','Bột Bạt Hà','2021-12-08',5,23,NULL,4),(17,_binary '\0',NULL,'2021-12-08','Bột cà rốt của Nông Sản Vgreens được chế biến hoàn toàn từ 100% cà rốt tự nhiên, không chất tạo màu hay hương liệu, đạt tiêu chuẩn an toàn vệ sinh thực phẩm. Sản phẩm có dạng bột mịn, màu vàng cam và đỏ, giữ được vị ngọt đặc trưng của cà rốt. So với cà rốt tươi, bột cà rốt có thời gian bảo quản lâu hơn, dễ bảo quản và vận chuyển hơn.','https://res.cloudinary.com/lancloudshop/image/upload/v1638977252/mlykkpavi6bslasxjqij.jpg','Bột Cà Rốt','2021-12-08',5,24,NULL,4),(18,_binary '',NULL,'2021-12-08','Bột cỏ lúa mì là sản phẩm được chế biến từ cây cỏ lúa mì khoảng 12 đến 14 ngày tuổi khi hàm lượng chất diệp lục và chất chống oxy hóa cao nhất. Người ta sẽ cắt sát gốc cây, phơi khô dưới nhiệt độ thấp rồi xay thành bột mịn. Cuối cùng, để không làm mất đi các thành phần dinh dưỡng, bột được đóng gói trong bao bì cản sáng và không oxy hóa.\n\nGiá trị dinh dưỡng của bột cỏ lúa mì\nTrong 100g bột cỏ lúa mì có chứa các thành phần dinh dưỡng sau:\n\nVitamin B2 - 0,156 mg\nVitamin C - 2,5 mg\nNatri - 15 mg\nPhốt pho - 201 mg\nSắt - 2,15 mg\nChất xơ - 1g\nChất béo - 1,25g\nNăng lượng - 200 kilocalories\nVitamin B6 - 0,266 mg\nVitamin B1 - 0,224 mg\nKẽm - 1,66 mg\nKali - 170 mg\nMagiê - 81 mg\nCanxi - 30 mg\nTinh bột - 43g\nChất đạm - 7,5g\nNước - 48g','https://res.cloudinary.com/lancloudshop/image/upload/v1638977320/y0m1bofilw0v9fefpsux.jpg','Bột Cỏ Lúa Mì','2021-12-08',5,25,1,4),(19,_binary '',NULL,'2021-12-08','Hoa sen là biểu tượng của dân tộc Việt Nam. Ngoài những biểu tượng mà nó mang lại, hoa sen còn được sử dụng như một loại dược liệu quý. Tất cả các bộ phận của sen đều có những công dụng chữa bệnh tuyệt vời.\n\nChúng ta đã quen thuộc với hạt sen và tâm sen. Nhưng với lá sen thì ít ai biết được công dụng của nó. Vậy bột lá sen có những tác dụng tuyệt vời như thế nào đối với sức khỏe?','https://res.cloudinary.com/lancloudshop/image/upload/v1638977380/yq7ktywkshy2w3gezpgl.jpg','Bột Lá Sen','2021-12-08',5,26,NULL,4),(20,_binary '\0',NULL,'2021-12-08','Cây tía tô có tên khoa học là Perilla frutescens L. Britt thuộc họ hoa môi - Lamiaceae, chúng ta vẫn gọi là tử tô, tô ngạnh, tô diệp hay é tía. Cây được trồng khắp nơi trên các tỉnh thành Việt Nam, lấy lá làm gia vị và làm thuốc là chủ yếu.\n\nlá tía tô\n\nTrong Đông y, lá tía tô có vị cay, tính bình, được dùng vào hai kinh phế và tỳ. Tía tô được biết đến với công dụng thông mũi, giải cảm, chống dị ứng, tiêu độc đạm cá, trị ho, hen suyễn, an thai, .... \n\nNgày nay, qua nghiên cứu, lá tía tô đã được chứng minh là có tác dụng chữa bệnh gút, giảm béo, trị rối loạn mỡ máu, chống viêm, chống dị ứng, có tác dụng tốt trong điều trị ung thư, ... \n\nChúng có giá trị dinh dưỡng cao, giàu vitamin A, C, giàu Ca, Fe, P ... tía tô có tác dụng làm đẹp da với giá thành rẻ nhưng hiệu quả. Lá tía tô thường được dùng tươi trực tiếp hoặc phơi khô, sấy khô có thể nghiền thành bột tía tô để dùng dần.','https://res.cloudinary.com/lancloudshop/image/upload/v1638977454/kux0lkv2kt4kkypeurhn.jpg','Bột Tía Tô','2021-12-08',5,27,NULL,4),(21,_binary '',NULL,'2021-12-08','Bún gấc được làm từ bột gạo Bao Thai Cao Bằng - là giống gạo chỉ sinh trưởng tốt trong thời tiết se lạnh của Cao Bằng. Gạo Bao Thai tuy không dẻo nhưng ăn rất ngọt. Thành phần gấc trong bún chứa nhiều chất chống oxy hóa và có tác dụng tốt với bệnh nhân mắc các bệnh tim mạch, ung thư, đục thủy tinh thể, thoái hóa điểm vàng.\n\nSự kết hợp này tạo ra sản phẩm Bún Gấc Thiên Nhiên. Sợi bún đặc trưng thơm mùi gấc, có vị ngậy tự nhiên pha chút ngọt thanh và đặc biệt giàu dinh dưỡng.','https://res.cloudinary.com/lancloudshop/image/upload/v1638977525/vkhbqvtgyoargwvogdlg.jpg','Bún Gấc Thiên Nhiên','2021-12-08',5,28,1,6),(22,_binary '',NULL,'2021-12-08','Cá cơm rất giàu vitamin A, axit béo, canxi, vitamin E, vitamin A, giúp sáng mắt, ngăn ngừa bệnh về mắt, duy trì làn da khỏe mạnh.\n\nĂn cá cơm giúp giảm cholesterol trong máu và ngăn ngừa bệnh tim mạch.\n\nCá cơm cung cấp một lượng lớn chất đạm và chất đạm nên còn được dùng để làm mắm.\n\nCá cơm tẩm mè, cá cơm kho và cá cơm khô là những món ăn từ cá cơm tưởng chừng đơn giản nhưng lại làm tăng giá trị sản phẩm cũng như giá trị kinh tế cho cư dân vùng biển xung quanh.\n\n3 loại cá cơm chế biến hiện đang được Nông sản Vgreens phân phối.','https://res.cloudinary.com/lancloudshop/image/upload/v1638977581/iiszlq2pqje39w58xft6.jpg','Cá Cơm Chế Biến','2021-12-08',5,29,NULL,4),(23,_binary '',NULL,'2021-12-08','Cơm cháy Sài Gòn là thương hiệu được tin cậy trong nhiều năm. Chuyên sản xuất chà bông với công thức gia truyền, nguyên liệu sạch, đảm bảo về độ giòn, thơm, không ngấy. Tươi ngon, đảm bảo vệ sinh an toàn thực phẩm, thịt chà bông 100%, không pha trộn.','https://res.cloudinary.com/lancloudshop/image/upload/v1638977631/lmn1pu6gp4glbvxgxj7p.jpg','Cơm Cháy','2021-12-08',5,30,1,7),(24,_binary '\0',NULL,'2021-12-08','Nhân óc chó đỏ, được tách ra từ quả óc chó đỏ, có chứa rất nhiều chất dinh dưỡng tốt cho cơ thể nên chúng đã được người tiêu dùng rất ưa chuộng. Hãy cùng tìm hiểu kĩ hơn về công dụng của loại hạt này nhé.','https://res.cloudinary.com/lancloudshop/image/upload/v1638977684/zgwbbwcm5ttqif6azbfx.jpg','Óc Chó Đỏ','2021-12-08',5,31,NULL,5),(25,_binary '',NULL,'2021-12-08','Chúng ta đã quá quen thuộc với các loại hạt như đậu xanh, đậu đỏ, đậu Hà Lan ,..vv là những loại hạt vừa thơm ngon lại bổ dưỡng. Vậy bạn đã bao giờ nghe tới hạt đậu lăng chưa?\n\nĐậu lăng là một cái tên còn khá mới mẻ ở thị trường Việt Nam, trong bài viết này, Nông Sản Vgreens sẽ giúp bạn tìm hiểu về hạt đậu lăng và những lợi ích của nói với sức khỏe con người nhé!','https://res.cloudinary.com/lancloudshop/image/upload/v1638977745/fvxnfpkvuxpjris8toin.jpg','Đậu Lăng','2021-12-08',5,32,1,1),(26,_binary '',NULL,'2021-12-08','Đậu gà','https://res.cloudinary.com/lancloudshop/image/upload/v1638977790/modmdprroxnclpsynmwf.jpg','Đậu Gà','2021-12-08',5,33,NULL,4),(27,_binary '',NULL,'2021-12-08','Hạt kê là một trong những loại hạt ngũ cốc mang giá trị dinh dưỡng rất cao, được các chuyên gia dinh dưỡng khuyên dùng. Ngoài giá thành vừa phải, lại còn được chế biến thành nhiều món ăn, nên hạt kê rất được ưa dùng.\n\nSau đây qua bài viết này chúng ta hãy cùng tìm hiểu về nguồn gốc và những tác dụng của hạt kê nhé.','https://res.cloudinary.com/lancloudshop/image/upload/v1638977857/bba67xtba9trbeozn7pd.jpg','Hạt Kê','2021-12-08',5,34,1,4),(28,_binary '',NULL,'2021-12-08','“Cao Bằng cao thật cao- rồi dần dần bằng xuống” đúng như cái tên, vùng đất Cao Bằng không những đặc biệt về địa lý mà sản vật nơi đây cũng đặc sắc vô cùng. Một trong số đó chúng ta phải kể đến đó chính là hạt dẻ Cao Bằng ( hay còn gọi là hạt dẻ Trùng Khánh).\n\nThức quà thơm bùi ấy có gì hấp dẫn mà du khách ai đến nơi đây cũng phải mua về làm quà','https://res.cloudinary.com/lancloudshop/image/upload/v1638977917/fgkndda68876chh8zeab.jpg','Hạt Dẻ','2021-12-08',5,35,1,5),(29,_binary '\0',NULL,'2021-12-08','Cây đu đủ còn được nhiều người gọi bằng cái tên phan qua thụ hay cây cà lao,... Đây là giống cây đa tính bởi nó có cả cây đực, cây cái và cây lưỡng tính.\n\nHoa đu đủ đực là một bộ phận được thu hái từ cây đu đủ đực. Bảng thông tin dưới đây là một vài điều cần biết về loại cây này.','https://res.cloudinary.com/lancloudshop/image/upload/v1638977994/dzap660b1qjvmrffqjqu.jpg','Hoa đu đủ đực sấy khô','2021-12-08',5,36,2,5),(30,_binary '',NULL,'2021-12-08','Lá chanh là một nguyên liệu không thể thiếu khi ăn các món như thịt gà, làm sốt chấm. Lá chanh cũng được cho là tiên dược chữa được nhiều bệnh.','https://res.cloudinary.com/lancloudshop/image/upload/v1638978107/f6aurjdpdabozrjw9z5x.jpg','Lá chanh sấy khô','2021-12-08',5,37,2,4),(31,_binary '',NULL,'2021-12-08','Mướp là một loại cây thảo dạng dây leo, được trồng để lấy quả xanh. Với nhiều chất dinh dưỡng và công dụng đặc biệt tốt cho sức khỏe, mướp được nhiều người lựa chọn trong bữa ăn gia đình.Mướp hương có vị thơm ngát, ăn ngọt mát ####Công dụng của mướpTất cả bộ phận của mướp đều là thảo dược trị n','https://res.cloudinary.com/lancloudshop/image/upload/v1638978736/asjdc0ewwtxgn924jziz.jpg','Mướp Hương','2021-12-08',1,38,1,1),(32,_binary '',NULL,'2021-12-08','cải','https://res.cloudinary.com/lancloudshop/image/upload/v1638978770/uce3noxa9pk3bicremap.jpg','Cải Bó Xôi','2021-12-08',1,39,NULL,5),(33,_binary '',NULL,'2021-12-08','Thêm một loại rau nữa mà bạn không nên bỏ qua trong khu vườn nhỏ xinh của mình, đó là cải ngồng. Loại cải này khá dễ ăn, rất nhiều người “ghiền” món canh cải ngồng, cải ngồng xào. Không chỉ có vậy cải ngồng còn cung cấp nhiều dưỡng chất thiết yếu cho cơ thể.Cũng giống như một số loại cải khác, giống','https://res.cloudinary.com/lancloudshop/image/upload/v1638978819/avtrqck6fsaw9fhxjyne.jpg','Cải Ngóng','2021-12-08',1,41,NULL,5),(34,_binary '\0',NULL,'2021-12-08','Đậu trạch Bác Tôm có xuất xứ từ Bắc Hà - Lào Cai, được trồng hữu cơ theo hướng 7 KHÔNGKhông thuốc trừ sâuKhông thuốc diệt cỏKhông phân bón hóa họcKhông chất kích thích tăng trưởngKhông biến đổi genKhông chất bảo quảnKhông tưới nước ô nhiễm####Đậu trạch Bác Tôm có xuất xứ từ Bắc Hà - Lào Cai','https://res.cloudinary.com/lancloudshop/image/upload/v1638978864/tbtsjsfpuv0pwshzwsqf.jpg','Đậu Trạch','2021-12-08',1,42,NULL,5),(35,_binary '\0',NULL,'2021-12-08','Rau dền là một những loại rau có rất nhiều lợi ích cho cơ thể.Ngăn ngừa ung thưCác hợp chất chống oxy hóa như vitamin E, C, sắt, magiê, phốt pho hay lysine có trong rau dền sẽ chống lại các gốc tự do có hại và ngăn chặn sự hình thành của các tế bào ác tính gây ra ung thư.Giảm cholesterol','https://res.cloudinary.com/lancloudshop/image/upload/v1638978893/kyvxoetc1cbbyxo9wwcj.jpg','Rau Dền','2021-12-08',1,43,NULL,5),(36,_binary '\0',NULL,'2021-12-08','Có các loại rau theo mùa Mùa hè thu: Rau muống, rau dền, rau mồng tơi, rau đay,....Mùa đông xuân: Rau cải, rau cần, ..','https://res.cloudinary.com/lancloudshop/image/upload/v1638978934/ijjbmccxk1buvrzkh5x0.jpg','Rau hữu cơ PGS','2021-12-08',1,44,NULL,5),(37,_binary '\0',NULL,'2021-12-08','########Miễn phí vận chuyển cho hóa đơn từ 200.000đ (Trong bán kính 5km)####Đổi trả trong vòng 24h kể từ khi nhận hàngCam kết đổi trả nếu ko hài lòng với chất lượng sản phẩm do lỗi:- Chất lượng sản phẩm không đúng như cam kết- Dập nát trong quá trình vận chuyển- Giao hàng sai hoặc không đúng hẹ','https://res.cloudinary.com/lancloudshop/image/upload/v1638978968/asdtrtxtdpzhkhrvhbme.jpg','Su Hào','2021-12-08',1,45,NULL,5),(38,_binary '',NULL,'2021-12-08','Bắp cải hay được gọi là cải bắp, là một loại rau chủ lực trong dòng họ Cải, có xuất xứ từ vùng Địa Trung Hải. Bắp cải là một thực vật có hoa thuộc nhóm hai lá mầm với các lá tạo thành một cụm đặc hình gần giống như hình cầu.Trong bắp cải có chứa lượng vitamin cao hơn nhiều so với các loại rau củ khá','https://res.cloudinary.com/lancloudshop/image/upload/v1638979793/hqbp1y5h44mnama0tb4s.jpg','Bắp cải RA','2021-12-08',1,46,NULL,5),(39,_binary '',NULL,'2021-12-08','Xuất xứ : - Đà LạtKhoai tây bở, thơm, dùng nấu canh xương, súp hay chiên đều ngon########Miễn phí vận chuyển cho hóa đơn từ 200.000đ (Trong bán kính 5km)####Đổi trả trong vòng 24h kể từ khi nhận hàngCam kết đổi trả nếu ko hài lòng với chất lượng sản phẩm do lỗi:- Chất lượng sản phẩm không đúng','https://res.cloudinary.com/lancloudshop/image/upload/v1638979830/ctwpqrbdqpu34hxrlph1.jpg','Khoai tây RA','2021-12-08',1,47,NULL,1),(40,_binary '',NULL,'2021-12-08','Bí xanh còn gọi là bí đao, bí phấn, đông qua, bạch qua, chẩm qua… Đây thực phẩm quen thuộc trong bữa ăn hằng ngày này rất tốt cho sức khỏe, nó có tác dụng thanh nhiệt làm mát ruột, giúp da đẹp dáng thon. Thành phần chủ yếu của bí là nước, nhiều chất xơ, không chứa lipid. Cứ 100g bí có 0,4g','https://res.cloudinary.com/lancloudshop/image/upload/v1638979861/f5poe3vfgwplkcuh4dvi.jpg','Bí Xanh','2021-12-08',1,48,1,5),(41,_binary '',NULL,'2021-12-08','- Xuất xứ: Bắc Hà - Lào Cai- Đặc điểm: Giòn, ngọt, thanh mát- Trọng lượng: ~5 -10 quả/kg####Rau an toàn là một khái niệm chung để chỉ các loại rau, củ được sản xuất cung cấp đến người dùng đảm bảo tiêu chuẩn an toàn thực phẩm.Những sản phẩm rau tươi có chất lượng đúng như đặc tính giống của nó, hàm','https://res.cloudinary.com/lancloudshop/image/upload/v1638979932/nyfdjvesrtomgneyhhlt.jpg','Cà Rốt','2021-12-08',1,49,NULL,5),(42,_binary '',NULL,'2021-12-08','Một loại cây sinh trưởng tốt ở những nơi có khí hậu mát mẻ và được trồng ở khắp các tỉnh miền Bắc - Củ cải. Tuy nhiên, thiên nhiên đã trù phú cho vùng đất Bắc Hà có được loại củ cải với chất lượng tuyệt vời, vị ngọt thanh mát và còn có những công dụng không ngờ tới:Giảm nguy cơ ung thư','https://res.cloudinary.com/lancloudshop/image/upload/v1638980020/jjgktp5xrwsndcpcolf5.jpg','Củ Cải Trắng RA','2021-12-08',1,50,NULL,5),(43,_binary '',NULL,'2021-12-08','- Xuất xứ: Bắc Hà - Lào CaiRau ngót là loại rau quen thuộc đối với người Việt chúng ta.  Lá cây rau ngót hình bầu dục, mọc so le; sắc lá màu lục thẫm. Khi hái ăn, chọn lá non.####Rau an toàn là một khái niệm chung để chỉ các loại rau, củ được sản xuất cung cấp đến người dùng đảm bảo tiêu chuẩn','https://res.cloudinary.com/lancloudshop/image/upload/v1638980127/bjc2fxh1xq8gcjtrqith.jpg','Rau Ngót','2021-12-08',1,51,NULL,5),(44,_binary '',NULL,'2021-12-08','Rau ngót là loại rau quen thuộc, gần gũi với mỗi chúng ta, nó mang lại rất nhiều lợi ích thiết thực cho sức khỏe.Theo đông y, rau ngót vị ngọt, tanh, tính bình. Không chỉ là loại rau ngon, bổ mà nó còn có tác dụng chữa bệnh rất tốt.Theo y học hiện đại thì rau ngót có chứa hàm lượng vitamin B1, B2, B','https://res.cloudinary.com/lancloudshop/image/upload/v1638980157/uwly863tobbhj5yiupwz.jpg','Rau ngót AT','2021-12-08',1,55,NULL,5),(45,_binary '',NULL,'2021-12-08','khác','https://res.cloudinary.com/lancloudshop/image/upload/v1638980246/z559q3ltcflqfhx9jzcl.jpg','Rau thơm','2021-12-08',1,56,NULL,5),(46,_binary '',NULL,'2021-12-08','khác','https://res.cloudinary.com/lancloudshop/image/upload/v1638980339/jggzvwftobwwfew8ps6k.jpg','Xà Lách','2021-12-08',1,53,NULL,5),(47,_binary '',NULL,'2021-12-08','khác','https://res.cloudinary.com/lancloudshop/image/upload/v1638980478/x8u9opdh5ttpogifmpqn.jpg','Rau thì là','2021-12-08',1,57,NULL,5),(48,_binary '\0',NULL,'2021-12-09','Cá hồi fillet được Bác Tôm nhập trực tiếp từ Nauy qua đường hàng không. Với tên tuổi đã được tạo dựng uy tín từ lâu đời đảm bảo được chất lượng cũng như độ tươi ngon trong từng thớ cá hồi.Để được những miếng cá hồi thơm ngon nhất thì luôn phải đảm bảo các tiêu chuẩn nghiêm ngặt trong quá trình nuôi','https://res.cloudinary.com/lancloudshop/image/upload/v1639023805/xxbpfi8k2mjf5h8bu5ki.jpg','Cá hoogi fillet Na Uy','2021-12-09',2,58,NULL,5),(49,_binary '\0',NULL,'2021-12-09','Tôm Sú Biển \nTôm sú biển tự nhiên là một loại tôm sú loại to được đánh bắt ở những vùng khơi xa, nên nguồn cung cấp của tôm sú loại to không được dồi dào. \n\nTôm sú có nhiều chất dinh dưỡng, thịt săn chắc, rất ngon, hơn nữa lại rất dễ chế biến mang lại những hương thơm ngon đặc trưng của biển. Đồng thời tôm sú là một loại hải sản được yêu thích nhất trong nhiều nhà hàng cao cấp.','https://res.cloudinary.com/lancloudshop/image/upload/v1639024186/wwipmrdk5z0hfdqdeyrc.jpg','Tôm sú nõn thẻ','2021-12-09',2,59,1,1),(50,_binary '\0',NULL,'2021-12-09','Sứa biển là loại động vật sống tại các vùng biển hay những nơi nước mặn, sứa là loài động vật không có xương sống. Sứa biển chứa nhiều độc tố nên nếu vô tình chạm phải thì sẽ bị dị ứng. Sản phẩm sứa biển đóng hộp được làm từ sứa biển, sứa biển sau khi đánh bắt được đem đi bảo quản bằng muối sau đó được đem đi ngâm xả mặn rồi tiếp đến là quy trình đóng hộp. Sau khi đóng gói xong thì có thể sử dụng được luôn mà không mất đi thời gian và công sức để ngâm xả mặn và làm sạch. Sản phẩm sứa biển đóng hộp phù hợp để chế biến nhiều món ăn.','https://res.cloudinary.com/lancloudshop/image/upload/v1639024230/yfqkzyehr2x7rhkxekfp.jpg','Sứa hộp tĩnh gia 650g','2021-12-09',2,60,NULL,4),(51,_binary '',NULL,'2021-12-09','Thịt bò là món ăn ngày càng phổ biến trong bữa ăn của các gia đình Việt Nam. Trong thịt bò có chưa lượng protein cao, cung cấp năng lượng hữu ích cho con người. Thịt bò được phân chia thành những phần khác nhau với nhiều nguồn gốc xuất xứ. Hãy cùng nông sản Dũng Hà tìm hiểu những kiến thức cơ bản về thịt bắp bò Úc nhé.\n\nThịt bắp bò là gì?\nBắp bò hay còn gọi là thịt chân giò bò là phần thịt được xẻ ra từ bắp đùi của con bò. Loại thịt này thường dai và có nhiều mô nối hơn các phần khác của thịt bò. Thịt bắp bò được chia thành hai loại: Bắp rùa là phần bắp nhỏ nằm giữa lõi cái bắp đùi to 2 chân sau của con bò. Bắp hoa là phần bắp nhỏ ở chân trước của con bò. Những người sành ăn sẽ biết bắp rùa mềm hơn bắp hoa và giá thịt bò bắp rùa cũng cao hơn thịt bò bắp hoa.','https://res.cloudinary.com/lancloudshop/image/upload/v1639025643/l8secvyhkyh1qg0m0lmx.jpg','Bắp bò úc tơi nguyên khối','2021-12-09',3,61,NULL,1),(52,_binary '',NULL,'2021-12-16','<h2><span style=\"background-color: rgb(189, 148, 0);\"><span style=\"font-family: &quot;Times New Roman&quot;;\">lan </span><b><span style=\"font-family: &quot;Times New Roman&quot;;\">bádkaksdasdasfasfasf</span></b></span><span style=\"font-family: &quot;Times New Roman&quot;;\">﻿</span></h2>','https://res.cloudinary.com/lancloudshop/image/upload/v1639025687/vaik2jhdqcb8pdiugghu.jpg','Mỡ lợn','2021-12-16',3,62,NULL,1),(53,_binary '',NULL,'2021-12-16','chân giò được lấy trực tiếp từ lợn','https://res.cloudinary.com/lancloudshop/image/upload/v1639025893/f6sziz1rffch89y7rw1x.jpg','Chân giò lợn','2021-12-16',3,63,NULL,7),(54,_binary '',NULL,'2021-12-09','Thịt lợn thăn chuột thảo dược là gì?\nThịt lợn thăn chuột hay còn gọi là thăn nội được cắt ra từ con lợn được nuôi bằng các loại thảo dược. Thăn chuột lợn là phần thịt gồm nhiều nạc, có ít mỡ xen lẫn và thịt rất mềm.\n\nNông sản Dũng Hà cung cấp cho người tiêu dùng thịt thăn chuột chất lượng tốt nhất','https://res.cloudinary.com/lancloudshop/image/upload/v1639025946/restduuca35gcre2mocy.jpg','Thị lợn thăn chuột','2021-12-09',3,64,NULL,5),(55,_binary '',NULL,'2021-12-09','Thịt vai là phần thịt nằm ở giữa cổ và vai lợn, đã được lọc bỏ xương, mỡ và da thừa. Giống như tên gọi, vì thịt nằm ở vị trí trên vai của con lợn nên có độ dai và giòn hơn. Có thể chế biến thành các món kho, chiên, nướng,.. Đây là phần thịt khá ngon vì có tỷ lệ nạc và mỡ đều nhau, cân bằng hài hòa. Thịt vai không quá khô mà cũng không thấy quá mỡ.','https://res.cloudinary.com/lancloudshop/image/upload/v1639026104/kdnqphgoc2vn5jdqa2rf.jpg','Thịt vai lợn thảo dược','2021-12-09',3,65,1,5),(56,_binary '',NULL,'2021-12-09','Thịt thăn nội là phần mềm và ngon nhất của con bò. Đây là phần thịt được cắt ra từ phần lưng phía trong và cuối thắt lưng. Thịt thăn nội phù hợp để chế biến các món bít tết và chỉ nên dùng để làm các món ăn khô như nướng vỉ hoặc hấp.','https://res.cloudinary.com/lancloudshop/image/upload/v1639026173/jpb3oxvxu1hhk3zudrqm.jpg','Thịt thăn nội bò úc tơi','2021-12-09',3,66,NULL,5),(57,_binary '',NULL,'2021-12-09','Thăn ngoại bò Mỹ là phần thịt nằm ở phần cuối của dẻ sườn bò. Phần thịt này có đặc trưng là mềm, nạc và mỡ đan xen hợp lý','https://res.cloudinary.com/lancloudshop/image/upload/v1639026212/xnow6qu0dbyaveswmjfb.jpg','Thăn nội bò úc đông lạnh','2021-12-09',3,67,NULL,5),(58,_binary '',NULL,'2021-12-09','Là tín đồ của thịt bò nhập khẩu chắc chắn bạn không thể bỏ qua các món ăn hấp dẫn từ sườn bò Mỹ. Hãy cùng nông sản Dũng Hà bổ sung thêm các kiến thức về món ăn này nhé.','https://res.cloudinary.com/lancloudshop/image/upload/v1639026251/bpmxj9enimsyanhw4ksx.jpg','Sường non bò mỹ không xương','2021-12-09',3,68,NULL,5),(59,_binary '',NULL,'2021-12-09','Là tín đồ của thịt bò nhập khẩu chắc chắn bạn không thể bỏ qua các món ăn hấp dẫn từ sườn bò Mỹ. Hãy cùng nông sản Dũng Hà bổ sung thêm các kiến thức về món ăn này nhé.','https://res.cloudinary.com/lancloudshop/image/upload/v1639026364/hgahcqt1l5aujoarlk3t.jpg','Thị bồ câu','2021-12-09',3,69,NULL,9),(60,_binary '',NULL,'2021-12-09','Gà ri là một loại gà đặc sản được nhiều người ưa chuộng và săn lùng hiện nay. Gà ri đã có từ lâu đời, gà ri thuần chủng này nuôi nhiều nhất ở khu vực miền Bắc và miền Trung của Việt Nam. Chúng được người dân chủ yếu nuôi dùng để lấy trứng hoặc thịt. Gì ri có đặc điểm là nhỏ nhưng thịt gà ri rất thơm, ngon, thịt mềm và ngọt chứ không giống như những giống gà công nghiệp siêu thịt nhưng nhạt.','https://res.cloudinary.com/lancloudshop/image/upload/v1639026427/qiagpvkdqcskcthqgnby.jpg','Gà gari sạch','2021-12-09',3,70,NULL,9),(61,_binary '\0',NULL,'2021-12-09','Thông tin chung về Xương đuôi lợn \nXương đuôi lợn có vị ngọt đậm đà và rất giàu chất dinh dưỡng như: Protein, glucid, lipid, sắt,... Đây là lựa chọn tuyệt với cho các món hầm rau củ, chẳng hạn như bí xanh, bí đỏ,...','https://res.cloudinary.com/lancloudshop/image/upload/v1639026467/hj10xze1kplsam33qbxr.jpg','Xương đuôi lợn','2021-12-09',3,71,2,4);
/*!40000 ALTER TABLE `products` ENABLE KEYS */;
UNLOCK TABLES;

--
-- Table structure for table `roles`
--

DROP TABLE IF EXISTS `roles`;
/*!40101 SET @saved_cs_client     = @@character_set_client */;
/*!50503 SET character_set_client = utf8mb4 */;
CREATE TABLE `roles` (
  `id` varchar(255) NOT NULL,
  `name` varchar(255) NOT NULL,
  PRIMARY KEY (`id`)
) ENGINE=InnoDB DEFAULT CHARSET=utf8mb4 COLLATE=utf8mb4_0900_ai_ci;
/*!40101 SET character_set_client = @saved_cs_client */;

--
-- Dumping data for table `roles`
--

LOCK TABLES `roles` WRITE;
/*!40000 ALTER TABLE `roles` DISABLE KEYS */;
INSERT INTO `roles` VALUES ('CUS','CUSTOMER'),('DIRE','DIRECTOR'),('SHIP','SHIPPER'),('STAF','STAFF');
/*!40000 ALTER TABLE `roles` ENABLE KEYS */;
UNLOCK TABLES;

--
-- Table structure for table `shipping_rates`
--

DROP TABLE IF EXISTS `shipping_rates`;
/*!40101 SET @saved_cs_client     = @@character_set_client */;
/*!50503 SET character_set_client = utf8mb4 */;
CREATE TABLE `shipping_rates` (
  `id` int NOT NULL AUTO_INCREMENT,
  `cod_supported` bit(1) DEFAULT NULL,
  `days` int NOT NULL,
  `rate` float NOT NULL,
  `state` varchar(45) NOT NULL,
  `country_id` int NOT NULL,
  PRIMARY KEY (`id`),
  KEY `FKef7sfgeybt3xn13nlt2j6sljw` (`country_id`),
  CONSTRAINT `FKef7sfgeybt3xn13nlt2j6sljw` FOREIGN KEY (`country_id`) REFERENCES `countries` (`id`)
) ENGINE=InnoDB AUTO_INCREMENT=27 DEFAULT CHARSET=utf8mb4 COLLATE=utf8mb4_0900_ai_ci;
/*!40101 SET character_set_client = @saved_cs_client */;

--
-- Dumping data for table `shipping_rates`
--

LOCK TABLES `shipping_rates` WRITE;
/*!40000 ALTER TABLE `shipping_rates` DISABLE KEYS */;
INSERT INTO `shipping_rates` VALUES (1,_binary '',1,4,'Hải Châu',1),(2,_binary '',2,5,'Thanh Khê',1),(3,_binary '',1,3,'Sơn Trà',1),(4,_binary '\0',3,7,'Ngũ Hành Sơn',1),(5,_binary '\0',4,9,'Liên Chiểu',1),(6,_binary '',6,15,'Hòa Vang',1),(7,_binary '',2,13,'Cẩm Lệ',1),(8,_binary '',5,20,'Hoàng Sa',1),(9,_binary '\0',2,12,'Thành phố Tam Kỳ',2),(10,_binary '\0',2,12,'Huyện Tây Giang',2),(11,_binary '\0',2,12,'Huyện Đông Giang',2),(13,_binary '\0',2,12,'Huyện Đại Lộc',2),(14,_binary '\0',2,12,'Thị xã Điện Bàn',2),(15,_binary '\0',2,12,'Huyện Duy Xuyên',2),(16,_binary '\0',2,12,'Huyện Quế Sơn',2),(18,_binary '\0',2,12,'Huyện Nam Giang',2),(19,_binary '\0',2,12,'Huyện Phước Sơn',2),(20,_binary '\0',2,12,'Huyện Hiệp Đức',2),(21,_binary '\0',2,12,'Huyện Thăng Bình',2),(22,_binary '\0',2,12,'Huyện Tiên Phước',2),(23,_binary '\0',2,12,'Huyện Bắc Trà My',2),(24,_binary '\0',2,12,'Huyện Nam Trà My',2),(25,_binary '\0',2,12,'Huyện Núi Thành',2),(26,_binary '\0',2,12,'Huyện Phú Ninh',2);
/*!40000 ALTER TABLE `shipping_rates` ENABLE KEYS */;
UNLOCK TABLES;

--
-- Table structure for table `states`
--

DROP TABLE IF EXISTS `states`;
/*!40101 SET @saved_cs_client     = @@character_set_client */;
/*!50503 SET character_set_client = utf8mb4 */;
CREATE TABLE `states` (
  `id` int NOT NULL AUTO_INCREMENT,
  `name` varchar(45) NOT NULL,
  `country_id` int NOT NULL,
  PRIMARY KEY (`id`),
  KEY `FKskkdphjml9vjlrqn4m5hi251y` (`country_id`),
  CONSTRAINT `FKskkdphjml9vjlrqn4m5hi251y` FOREIGN KEY (`country_id`) REFERENCES `countries` (`id`)
) ENGINE=InnoDB AUTO_INCREMENT=29 DEFAULT CHARSET=utf8mb4 COLLATE=utf8mb4_0900_ai_ci;
/*!40101 SET character_set_client = @saved_cs_client */;

--
-- Dumping data for table `states`
--

LOCK TABLES `states` WRITE;
/*!40000 ALTER TABLE `states` DISABLE KEYS */;
INSERT INTO `states` VALUES (1,'Hải Châu',1),(2,'Thanh Khê',1),(3,'Sơn Trà',1),(4,'Ngũ Hành Sơn',1),(5,'Liên Chiểu',1),(6,'Hòa Vang',1),(7,'Cẩm Lệ',1),(8,'Hoàng Sa',1),(9,'Thành phố Tam Kỳ',2),(11,'Huyện Tây Giang',2),(12,'Huyện Đông Giang',2),(13,'Huyện Đại Lộc',2),(14,'Thị xã Điện Bàn',2),(15,'Huyện Duy Xuyên',2),(16,'Huyện Quế Sơn',2),(17,'Huyện Nam Giang',2),(18,'Huyện Phước Sơn',2),(19,'Huyện Hiệp Đức',2),(20,'Huyện Thăng Bình',2),(21,'Huyện Tiên Phước',2),(22,'Huyện Bắc Trà My',2),(23,'Huyện Nam Trà My',2),(24,'Huyện Núi Thành',2),(25,'Huyện Phú Ninh',2);
/*!40000 ALTER TABLE `states` ENABLE KEYS */;
UNLOCK TABLES;

--
-- Table structure for table `statistic_revenue`
--

DROP TABLE IF EXISTS `statistic_revenue`;
/*!40101 SET @saved_cs_client     = @@character_set_client */;
/*!50503 SET character_set_client = utf8mb4 */;
CREATE TABLE `statistic_revenue` (
  `year` int NOT NULL,
  `mouth` int DEFAULT NULL,
  `revenue` double DEFAULT NULL,
  PRIMARY KEY (`year`)
) ENGINE=InnoDB DEFAULT CHARSET=utf8mb4 COLLATE=utf8mb4_0900_ai_ci;
/*!40101 SET character_set_client = @saved_cs_client */;

--
-- Dumping data for table `statistic_revenue`
--

LOCK TABLES `statistic_revenue` WRITE;
/*!40000 ALTER TABLE `statistic_revenue` DISABLE KEYS */;
/*!40000 ALTER TABLE `statistic_revenue` ENABLE KEYS */;
UNLOCK TABLES;

--
-- Table structure for table `suppliers`
--

DROP TABLE IF EXISTS `suppliers`;
/*!40101 SET @saved_cs_client     = @@character_set_client */;
/*!50503 SET character_set_client = utf8mb4 */;
CREATE TABLE `suppliers` (
  `id` int NOT NULL AUTO_INCREMENT,
  `address` varchar(256) NOT NULL,
  `created_time` datetime DEFAULT NULL,
  `name` varchar(200) NOT NULL,
  `phone` varchar(12) NOT NULL,
  `update_time` datetime DEFAULT NULL,
  PRIMARY KEY (`id`)
) ENGINE=InnoDB AUTO_INCREMENT=17 DEFAULT CHARSET=utf8mb4 COLLATE=utf8mb4_0900_ai_ci;
/*!40101 SET character_set_client = @saved_cs_client */;

--
-- Dumping data for table `suppliers`
--

LOCK TABLES `suppliers` WRITE;
/*!40000 ALTER TABLE `suppliers` DISABLE KEYS */;
INSERT INTO `suppliers` VALUES (4,'378 đồng nai','2021-12-08 19:29:59','Nhà vườn Đồng Nai','+84378795129','2021-12-08 19:29:59'),(5,'huỳnh thúc kháng','2021-12-08 19:30:26','Nhà vường Quảng Nam','+84378795129','2021-12-08 19:30:26'),(7,'09 Nguyễn thị tập, đại lộc , quảng nam','2021-12-08 21:25:25','Nhà Vường Xuân Lan','0789445577','2021-12-08 21:25:25'),(8,'64 Trần Quốc Toản, Q. Hải Châu, Tp. Đà Nẵng, Việt Nam','2021-12-08 21:27:36','Công Ty TNHH MTV Thực Phẩm & Đầu Tư Fococev','02363822720','2021-12-08 21:27:36'),(9,'LÔ B1.5, KDC Bình An, P.Hòa Cường Bắc, Q.Hải Châu, Tp. Đà Nẵng, Việt Nam','2021-12-08 21:28:19','Công Ty Cổ Phần Ngon Sạch Bổ','02363611229','2021-12-08 21:28:19'),(10,'Số 75 Lê Ngân, P. Khuê Trung, Q. Cẩm Lệ, Tp. Đà Nẵng, Việt Na','2021-12-08 21:28:54','Công Ty TNHH DASUN','05116568668','2021-12-08 21:28:54'),(11,'Tổ 6, Thôn Dương Sơn,X. Hòa Châu, H. Hòa Vang, Tp. Đà Nẵng, Việt Nam','2021-12-08 21:29:31','Đam San - Công Ty TNHH Một Thành Viên Đam San','02363621686','2021-12-08 21:29:31'),(12,'16A Lý Thường Kiệt, Q. Hải Châu, Tp. Đà Nẵng, Việt Nam','2021-12-08 21:30:12','Công Ty Cổ Phần Lương Thực Đà Nẵng','02363821036','2021-12-08 21:30:12'),(13,'91 Trần Quốc Toản, Q. Hải Châu, Tp. Đà Nẵng, Việt Nam','2021-12-08 21:30:46','Trung Tiến - Công Ty TNHH Trung Tiến','02363873277','2021-12-08 21:30:46'),(14,'Khu Công Nghiệp Hòa Khánh, Lô 2,Q. Liên Chiểu, Tp. Đà Nẵng, Việt Nam','2021-12-08 21:31:11','Doanh Nghiệp Tư Nhân Toàn Ni','02363738258','2021-12-08 21:31:11'),(15,'129A Phan Thanh, Q. Thanh Khê, Tp. Đà Nẵng, Việt Nam','2021-12-08 21:31:39','Hảo Tường - Công Ty TNHH Hảo Tường','02363650696','2021-12-08 21:31:39'),(16,'11 Nguyễn Thiện Thuật, P. Bình Thuận, Q. Hải Châu, Tp. Đà Nẵng, Việt Nam','2021-12-08 21:32:00','Mê Kông - Công Ty TNHH Mê Kông','02363621772','2021-12-08 21:32:00');
/*!40000 ALTER TABLE `suppliers` ENABLE KEYS */;
UNLOCK TABLES;

--
-- Table structure for table `units`
--

DROP TABLE IF EXISTS `units`;
/*!40101 SET @saved_cs_client     = @@character_set_client */;
/*!50503 SET character_set_client = utf8mb4 */;
CREATE TABLE `units` (
  `id` int NOT NULL AUTO_INCREMENT,
  `created_time` datetime DEFAULT NULL,
  `description` varchar(255) NOT NULL,
  `name` varchar(45) NOT NULL,
  `updated_time` datetime DEFAULT NULL,
  PRIMARY KEY (`id`)
) ENGINE=InnoDB AUTO_INCREMENT=11 DEFAULT CHARSET=utf8mb4 COLLATE=utf8mb4_0900_ai_ci;
/*!40101 SET character_set_client = @saved_cs_client */;

--
-- Dumping data for table `units`
--

LOCK TABLES `units` WRITE;
/*!40000 ALTER TABLE `units` DISABLE KEYS */;
INSERT INTO `units` VALUES (1,'2021-12-08 19:46:27','Ki lo gram','Kg','2021-12-08 19:46:27'),(2,'2021-12-08 19:46:39','Hạt','Hạt','2021-12-08 19:46:39'),(4,'2021-12-08 19:47:11','Hộp','Hộp','2021-12-08 19:47:11'),(5,'2021-12-08 19:47:35','gram','Gram','2021-12-08 19:47:35'),(6,'2021-12-08 19:48:15','Thùng','Thùng','2021-12-08 19:48:15'),(7,'2021-12-08 19:48:38','cái','Cái','2021-12-08 19:48:38'),(9,'2021-12-09 12:05:14','tính đơn vị theo con','Nguyên Con','2021-12-09 12:05:14'),(10,'2021-12-19 20:51:39','mua hàng với đơn vị tấn','Tấn','2021-12-19 20:51:39');
/*!40000 ALTER TABLE `units` ENABLE KEYS */;
UNLOCK TABLES;
/*!40103 SET TIME_ZONE=@OLD_TIME_ZONE */;

/*!40101 SET SQL_MODE=@OLD_SQL_MODE */;
/*!40014 SET FOREIGN_KEY_CHECKS=@OLD_FOREIGN_KEY_CHECKS */;
/*!40014 SET UNIQUE_CHECKS=@OLD_UNIQUE_CHECKS */;
/*!40101 SET CHARACTER_SET_CLIENT=@OLD_CHARACTER_SET_CLIENT */;
/*!40101 SET CHARACTER_SET_RESULTS=@OLD_CHARACTER_SET_RESULTS */;
/*!40101 SET COLLATION_CONNECTION=@OLD_COLLATION_CONNECTION */;
/*!40111 SET SQL_NOTES=@OLD_SQL_NOTES */;

-- Dump completed on 2021-12-20 14:07:29
